Destination IP,Destination Port,Threat IOC,Logsource,Date,Source IP,Connection Type,Action
104.18.32.137,443,104.18.32.137,10.3.101.1,2026-03-24 20:06:47,10.3.101.222,Outbound,deny
104.18.87.42,443,104.18.87.42,10.3.101.1,2026-03-24 20:06:47,10.3.101.222,Outbound,deny
192.0.73.2,443,192.0.73.2,10.3.101.1,2026-03-24 20:37:38,10.3.230.135,Outbound,deny
192.0.73.2,443,192.0.73.2,10.0.100.1,2026-03-25 00:23:52,192.168.57.116,Outbound,Denied
76.76.21.21,443,76.76.21.21,NLDC_DC_FTD,2026-03-25 11:19:00,10.5.133.10,Outbound,Allow
192.0.73.2,443,192.0.73.2,10.3.101.1,2026-03-25 06:33:00,10.3.230.135,Outbound,deny
192.0.73.2,443,192.0.73.2,10.4.74.1,2026-03-25 06:46:00,10.4.112.44,Outbound,Denied
104.18.87.42,443,104.18.87.42,10.40.42.1,2026-03-25 07:28:00,10.10.2.249,Outbound,deny
104.18.32.137,443,104.18.32.137,10.40.42.1,2026-03-25 07:28:00,10.10.2.249,Outbound,deny
192.0.73.2,443,192.0.73.2,10.40.42.1,2026-03-25 07:29:00,10.10.2.249,Outbound,deny
192.0.73.2,443,192.0.73.2,192.168.64.4,2026-03-25 07:34:00,192.168.63.96,Outbound,Denied
208.91.112.55,4118,208.91.112.55,172.16.101.1,2026-03-25 08:30:00,172.16.70.13,Outbound,deny
208.91.112.55,443,208.91.112.55,172.16.101.1,2026-03-25 08:31:00,172.16.70.23,Outbound,deny
208.91.112.55,443,208.91.112.55,172.16.101.1,2026-03-25 08:31:00,172.16.70.21,Outbound,deny
104.18.87.42,443,104.18.87.42,10.2.100.95,2026-03-25 08:53:00,10.2.100.114,Outbound,deny
104.18.32.137,443,104.18.32.137,10.2.100.95,2026-03-25 08:53:00,10.2.100.114,Outbound,deny
104.18.87.42,443,104.18.87.42,10.40.42.1,2026-03-25 08:57:00,10.10.1.15,Outbound,deny
104.18.87.42,443,104.18.87.42,10.40.42.1,2026-03-25 09:10:00,10.10.2.20,Outbound,deny
104.18.87.42,443,104.18.87.42,10.3.101.1,2026-03-25 09:15:00,10.3.101.144,Outbound,deny
192.0.73.2,443,192.0.73.2,X33021M4TVT6KE4,2026-03-25 09:16:00,10.6.96.156,Outbound,Drop
76.76.21.21,443,76.76.21.21,10.2.100.95,2026-03-25 09:27:00,10.2.100.159,Outbound,deny
192.0.73.2,443,192.0.73.2,10.2.100.95,2026-03-25 09:30:00,10.2.100.155,Outbound,deny
104.18.87.42,443,104.18.87.42,10.3.101.1,2026-03-25 09:36:00,10.3.101.137,Outbound,deny
192.0.73.2,443,192.0.73.2,192.168.64.4,2026-03-25 09:39:00,192.168.63.111,Outbound,Denied
192.0.73.2,443,192.0.73.2,X33021M4TVT6KE4,2026-03-25 09:41:00,10.6.96.186,Outbound,Drop
104.18.87.42,443,104.18.87.42,10.3.101.1,2026-03-25 09:45:00,10.3.101.135,Outbound,deny
104.18.87.42,443,104.18.87.42,10.2.100.95,2026-03-25 09:47:00,10.2.100.199,Outbound,deny
104.18.32.137,443,104.18.32.137,10.2.100.95,2026-03-25 09:48:00,10.2.100.199,Outbound,deny
192.0.73.2,443,192.0.73.2,10.0.100.1,2026-03-25 09:50:00,192.168.57.99,Outbound,Denied
104.18.87.42,443,104.18.87.42,X33021M4TVT6KE4,2026-03-25 09:50:00,10.6.96.170,Outbound,Drop
104.18.87.42,443,104.18.87.42,10.4.74.1,2026-03-25 09:51:00,10.4.112.192,Outbound,Denied
104.18.32.137,443,104.18.32.137,X33021M4TVT6KE4,2026-03-25 09:54:00,10.6.96.155,Outbound,Drop
103.108.174.66,56301,103.108.174.66,10.0.100.1,2026-03-25 09:59:00,10.0.100.161,Outbound,Denied
103.108.174.66,5184,103.108.174.66,10.0.100.1,2026-03-25 10:01:00,10.0.100.161,Outbound,Denied
103.108.174.66,20227,103.108.174.66,10.0.100.1,2026-03-25 10:01:00,10.0.100.161,Outbound,Denied
103.108.174.66,16148,103.108.174.66,10.0.100.1,2026-03-25 10:05:00,10.0.100.161,Outbound,Denied
192.0.73.2,443,192.0.73.2,192.168.64.4,2026-03-25 10:07:00,192.168.63.102,Outbound,Denied
103.108.174.66,49529,103.108.174.66,10.0.100.1,2026-03-25 10:11:00,10.0.100.161,Outbound,Denied
192.0.73.2,443,192.0.73.2,10.2.100.95,2026-03-25 10:11:00,10.2.100.159,Outbound,deny
103.108.174.66,10461,103.108.174.66,10.0.100.1,2026-03-25 10:11:00,10.0.100.161,Outbound,Denied
103.108.174.66,56176,103.108.174.66,10.0.100.1,2026-03-25 10:16:00,10.0.100.161,Outbound,Denied
104.26.12.205,443,https://api.ipify.org,10.0.100.1,2026-03-25 10:34:00,192.168.57.167,Outbound,Denied
104.26.13.205,443,https://api.ipify.org,10.0.100.1,2026-03-25 10:35:00,192.168.57.170,Outbound,Denied
104.18.87.42,443,104.18.87.42,10.3.101.1,2026-03-25 10:47:00,10.3.101.222,Outbound,deny
104.18.32.137,443,104.18.32.137,10.3.101.1,2026-03-25 10:48:00,10.3.101.222,Outbound,deny
192.0.73.2,443,192.0.73.2,192.168.64.4,2026-03-25 10:48:00,192.168.63.199,Outbound,Denied
104.18.87.42,443,104.18.87.42,10.4.74.1,2026-03-25 10:57:00,10.4.111.47,Outbound,Denied
104.18.87.42,443,104.18.87.42,10.3.101.1,2026-03-25 11:09:00,10.3.101.138,Outbound,deny
192.0.73.2,443,192.0.73.2,10.40.42.1,2026-03-25 11:11:00,10.10.1.42,Outbound,deny
104.18.32.137,443,104.18.32.137,10.4.74.1,2026-03-25 11:13:00,10.4.111.26,Outbound,Denied
104.18.35.23,443,104.18.35.23,10.0.100.1,2026-03-25 11:15:00,172.16.28.135,Outbound,Denied
104.18.32.137,443,104.18.32.137,10.3.101.1,2026-03-25 11:17:00,10.3.101.138,Outbound,deny
141.193.213.10,443,141.193.213.10,X33021M4TVT6KE4,2026-03-25 11:24:00,10.6.96.137,Outbound,Drop
104.18.87.42,443,104.18.87.42,X33021M4TVT6KE4,2026-03-25 11:26:00,10.6.96.137,Outbound,Drop
104.18.32.137,443,104.18.32.137,X33021M4TVT6KE4,2026-03-25 11:26:00,10.6.96.137,Outbound,Drop
104.18.35.23,443,104.18.35.23,10.4.74.1,2026-03-25 11:38:00,10.4.100.129,Outbound,Denied
104.18.32.137,443,104.18.32.137,10.3.101.1,2026-03-25 11:41:00,10.3.101.179,Outbound,deny
192.0.73.2,443,192.0.73.2,10.2.100.95,2026-03-25 11:43:00,10.2.100.3,Outbound,deny
192.0.73.2,443,192.0.73.2,192.168.64.4,2026-03-25 11:45:00,192.168.63.30,Outbound,Denied
141.193.213.10,443,141.193.213.10,X33021M4TVT6KE4,2026-03-25 11:47:00,10.6.96.184,Outbound,Drop
192.0.73.2,443,192.0.73.2,192.168.64.4,2026-03-25 11:59:00,192.168.63.145,Outbound,Denied
104.18.87.42,443,104.18.87.42,10.3.101.1,2026-03-25 12:02:00,10.3.101.150,Outbound,deny
208.91.112.55,53,208.91.112.55,10.40.42.1,2026-03-25 12:02:00,10.40.40.2,Outbound,deny
104.18.87.42,443,104.18.87.42,X33021M4TVT6KE4,2026-03-25 12:10:00,10.6.96.155,Outbound,Drop
192.0.73.2,443,192.0.73.2,10.4.74.1,2026-03-25 12:11:00,10.4.113.81,Outbound,Denied
192.0.73.2,443,192.0.73.2,192.168.64.4,2026-03-25 12:13:00,192.168.62.125,Outbound,Denied
104.18.32.137,443,104.18.32.137,10.3.101.1,2026-03-25 12:19:00,10.3.101.135,Outbound,deny
192.0.73.2,443,192.0.73.2,10.0.100.1,2026-03-25 12:22:00,192.168.57.87,Outbound,Denied
192.0.73.2,443,192.0.73.2,192.168.64.4,2026-03-25 12:23:00,192.168.63.73,Outbound,Denied
104.18.32.137,443,104.18.32.137,10.3.101.1,2026-03-25 12:25:00,10.3.101.150,Outbound,deny
104.18.87.42,443,104.18.87.42,10.2.100.95,2026-03-25 12:29:00,10.2.100.159,Outbound,deny
103.224.182.251,443,103.224.182.251,10.40.42.1,2026-03-25 13:14:00,10.10.2.37,Outbound,pass
104.18.87.42,443,104.18.87.42,10.2.100.95,2026-03-25 12:34:00,10.2.100.159,Outbound,deny
104.18.87.42,443,104.18.87.42,192.168.64.4,2026-03-25 12:36:00,192.168.63.161,Outbound,Denied
13.248.169.48,443,13.248.169.48,192.168.64.4,2026-03-25 12:46:00,192.168.63.161,Outbound,Denied
104.18.32.137,443,104.18.32.137,192.168.64.4,2026-03-25 12:46:00,192.168.63.161,Outbound,Denied
104.18.32.137,443,104.18.32.137,10.3.101.1,2026-03-25 12:48:00,10.3.101.135,Outbound,deny
104.18.32.137,443,104.18.32.137,10.4.74.1,2026-03-25 12:48:00,10.4.100.50,Outbound,Denied
208.91.112.55,443,208.91.112.55,X33021M4TVT6KE4,2026-03-25 12:48:00,10.6.96.151,Outbound,Drop
208.91.112.55,80,208.91.112.55,X33021M4TVT6KE4,2026-03-25 12:51:00,10.6.96.151,Outbound,Drop
192.0.73.2,443,192.0.73.2,X33021M4TVT6KE4,2026-03-25 12:55:00,10.6.96.145,Outbound,Drop
192.0.73.2,443,192.0.73.2,X33021M4TVT6KE4,2026-03-25 12:59:00,10.6.96.206,Outbound,Drop
104.18.87.42,443,104.18.87.42,10.3.101.1,2026-03-25 13:10:00,10.3.101.218,Outbound,deny
103.224.182.251,80,103.224.182.251,10.40.42.1,2026-03-25 13:13:00,10.10.2.37,Outbound,server-rst
103.224.182.251,443,103.224.182.251,10.40.42.1,2026-03-25 13:13:00,10.30.30.4,Outbound,close
103.224.182.251,443,103.224.182.251,10.40.42.1,2026-03-25 13:14:00,10.10.2.37,Outbound,client-rst
104.18.32.137,443,104.18.32.137,10.3.101.1,2026-03-25 13:23:00,10.3.101.222,Outbound,deny
192.0.73.2,443,192.0.73.2,10.2.100.95,2026-03-25 14:14:00,10.2.100.3,Outbound,deny
192.0.73.2,443,192.0.73.2,10.2.100.95,2026-03-25 14:22:00,10.2.100.159,Outbound,deny
192.0.73.2,443,192.0.73.2,X33021M4TVT6KE4,2026-03-25 14:29:00,10.6.96.185,Outbound,Drop
104.18.87.42,443,104.18.87.42,10.40.42.1,2026-03-25 14:31:00,10.10.1.26,Outbound,deny
192.0.73.2,443,192.0.73.2,X33021M4TVT6KE4,2026-03-25 14:33:00,10.6.96.141,Outbound,Drop
104.18.87.42,443,104.18.87.42,10.4.74.1,2026-03-25 14:37:00,10.4.113.240,Outbound,Denied
104.18.32.137,443,104.18.32.137,10.4.74.1,2026-03-25 14:37:00,10.4.113.240,Outbound,Denied
76.76.21.61,443,76.76.21.61,10.4.74.1,2026-03-25 14:42:00,10.4.100.52,Outbound,Denied
192.0.73.2,443,192.0.73.2,10.40.42.1,2026-03-25 14:46:00,10.10.1.23,Outbound,deny
104.18.32.137,443,104.18.32.137,10.40.42.1,2026-03-25 14:47:00,10.10.1.26,Outbound,deny
208.91.112.55,53,208.91.112.55,10.40.42.1,2026-03-25 14:47:00,10.40.40.2,Outbound,deny
104.18.87.42,443,104.18.87.42,192.168.64.4,2026-03-25 14:52:00,192.168.63.110,Outbound,Denied
104.18.32.137,443,104.18.32.137,10.0.100.1,2026-03-25 14:52:00,192.168.57.45,Outbound,Denied
104.18.32.137,443,104.18.32.137,192.168.64.4,2026-03-25 14:53:00,192.168.63.110,Outbound,Denied
192.0.73.2,443,192.0.73.2,X33021M4TVT6KE4,2026-03-25 14:57:00,10.6.96.186,Outbound,Drop
104.18.87.42,443,104.18.87.42,10.4.74.1,2026-03-25 14:58:00,10.4.100.176,Outbound,Denied
192.0.73.2,443,192.0.73.2,10.40.42.1,2026-03-25 15:06:00,10.10.1.42,Outbound,deny
104.18.87.42,443,104.18.87.42,10.2.100.95,2026-03-25 15:26:00,10.2.101.28,Outbound,deny
104.18.87.42,443,104.18.87.42,10.3.101.1,2026-03-25 15:28:00,10.3.101.137,Outbound,deny
104.18.35.23,443,104.18.35.23,10.0.100.1,2026-03-25 15:33:00,172.16.27.248,Outbound,Denied
104.18.32.137,443,104.18.32.137,10.2.100.95,2026-03-25 15:36:00,10.2.100.130,Outbound,deny
192.0.73.2,443,192.0.73.2,10.2.100.95,2026-03-25 15:47:00,10.2.100.169,Outbound,deny
104.18.87.42,443,104.18.87.42,10.3.101.1,2026-03-25 15:48:00,10.3.101.114,Outbound,deny
192.0.73.2,443,192.0.73.2,192.168.64.4,2026-03-25 16:08:00,192.168.63.199,Outbound,Denied
104.18.87.42,443,104.18.87.42,10.40.42.1,2026-03-25 16:08:00,10.10.2.10,Outbound,deny
104.18.87.42,443,104.18.87.42,X33021M4TVT6KE4,2026-03-25 16:16:00,10.6.96.155,Outbound,Drop
192.0.73.2,443,192.0.73.2,X33021M4TVT6KE4,2026-03-25 16:17:00,10.6.96.183,Outbound,Drop
104.18.35.23,443,104.18.35.23,10.4.74.1,2026-03-25 16:19:00,10.4.100.129,Outbound,Denied
104.18.87.42,443,104.18.87.42,X33021M4TVT6KE4,2026-03-25 16:21:00,10.6.96.169,Outbound,Drop
192.0.73.2,443,192.0.73.2,192.168.64.4,2026-03-25 16:21:00,192.168.63.30,Outbound,Denied
192.0.73.2,443,192.0.73.2,X33021M4TVT6KE4,2026-03-25 16:21:00,10.6.100.6,Outbound,Drop
104.18.35.23,443,104.18.35.23,10.4.74.1,2026-03-25 16:25:00,10.4.111.51,Outbound,Denied
104.18.87.42,443,104.18.87.42,10.3.101.1,2026-03-25 16:26:00,10.3.101.175,Outbound,deny
104.18.32.137,443,104.18.32.137,10.3.101.1,2026-03-25 16:28:00,10.3.101.202,Outbound,deny
104.18.32.137,443,104.18.32.137,10.40.42.1,2026-03-25 16:28:00,10.10.1.77,Outbound,deny
104.18.87.42,443,104.18.87.42,10.40.42.1,2026-03-25 16:28:00,10.10.1.77,Outbound,deny
104.18.32.137,443,104.18.32.137,10.40.42.1,2026-03-25 16:31:00,10.10.2.10,Outbound,deny
104.18.35.23,443,104.18.35.23,10.2.100.95,2026-03-25 16:33:00,10.2.105.221,Outbound,deny
216.150.1.1,443,216.150.1.1,10.0.100.1,2026-03-25 16:36:00,192.168.57.77,Outbound,Denied
149.154.167.99,443,149.154.167.99,X33021M4TVT6KE4,2026-03-25 16:45:00,10.6.96.184,Outbound,Drop
104.18.35.23,443,104.18.35.23,10.0.100.1,2026-03-25 16:46:00,172.16.28.135,Outbound,Denied
192.0.73.2,443,192.0.73.2,X33021M4TVT6KE4,2026-03-25 16:47:00,10.6.96.170,Outbound,Drop
192.0.73.2,443,192.0.73.2,10.2.100.95,2026-03-25 16:47:00,10.2.105.249,Outbound,deny
104.18.35.23,443,104.18.35.23,10.4.74.1,2026-03-25 16:48:00,10.4.100.147,Outbound,Denied
104.18.32.137,443,104.18.32.137,10.2.100.95,2026-03-25 16:53:00,10.2.100.76,Outbound,deny
104.18.87.42,443,104.18.87.42,10.3.101.1,2026-03-25 17:04:00,10.3.101.202,Outbound,deny
104.18.35.23,443,104.18.35.23,10.0.100.1,2026-03-25 17:05:00,172.16.28.232,Outbound,Denied
141.193.213.10,443,141.193.213.10,X33021M4TVT6KE4,2026-03-25 17:07:00,10.6.96.184,Outbound,Drop
192.0.73.2,443,192.0.73.2,X33021M4TVT6KE4,2026-03-25 17:13:00,10.6.96.181,Outbound,Drop
104.18.32.137,443,104.18.32.137,X33021M4TVT6KE4,2026-03-25 17:16:00,10.6.96.155,Outbound,Drop
192.0.73.2,443,192.0.73.2,192.168.64.4,2026-03-25 17:17:00,192.168.62.125,Outbound,Denied
192.0.73.2,443,192.0.73.2,10.4.74.1,2026-03-25 17:17:00,10.4.113.81,Outbound,Denied
104.26.12.205,443,https://api.ipify.org,10.0.100.1,2026-03-25 17:25:00,192.168.57.46,Outbound,Denied
76.76.21.21,443,76.76.21.21,10.3.101.1,2026-03-25 17:40:00,10.3.101.104,Outbound,deny
192.0.73.2,443,192.0.73.2,10.40.42.1,2026-03-25 17:44:00,10.10.2.21,Outbound,deny
104.18.32.137,443,104.18.32.137,10.0.100.1,2026-03-25 17:46:00,172.16.28.240,Outbound,Denied
104.18.32.137,443,104.18.32.137,10.3.101.1,2026-03-25 17:50:00,10.3.101.203,Outbound,deny
208.91.112.55,443,208.91.112.55,172.16.101.1,2026-03-25 18:06:00,172.16.70.21,Outbound,deny
208.91.112.55,443,208.91.112.55,172.16.101.1,2026-03-25 18:06:00,172.16.70.23,Outbound,deny
104.18.87.42,443,104.18.87.42,10.2.100.95,2026-03-25 18:21:00,10.2.100.76,Outbound,deny
208.91.112.55,4118,208.91.112.55,172.16.101.1,2026-03-25 18:32:00,172.16.70.13,Outbound,deny
192.0.73.2,443,192.0.73.2,192.168.64.4,2026-03-25 18:59:00,192.168.63.110,Outbound,Denied
192.0.73.2,443,192.0.73.2,10.0.100.1,2026-03-25 20:42:04,192.168.57.116,Outbound,Denied
104.18.32.137,443,104.18.32.137,10.0.100.1,2026-03-25 20:42:04,192.168.57.116,Outbound,Denied
104.18.87.42,443,104.18.87.42,10.0.100.1,2026-03-25 20:42:04,192.168.57.116,Outbound,Denied
104.18.32.137,443,104.18.32.137,10.0.100.1,2026-03-25 19:49:22,192.168.57.8,Outbound,Denied
104.18.87.42,443,104.18.87.42,10.0.100.1,2026-03-25 19:49:22,192.168.57.8,Outbound,Denied
208.91.112.55,443,208.91.112.55,10.40.42.1,2026-03-25 20:28:10,10.10.2.4,Outbound,deny
208.91.112.55,53,208.91.112.55,10.40.42.1,2026-03-25 21:26:32,10.40.40.2,Outbound,deny
149.154.167.99,443,149.154.167.99,10.3.101.1,2026-03-25 22:04:13,10.3.101.203,Outbound,deny
104.18.87.42,443,104.18.87.42,10.40.42.1,2026-03-25 23:04:04,10.10.2.249,Outbound,deny
192.0.73.2,443,192.0.73.2,192.168.64.4,2026-03-25 19:01:01,192.168.63.110,Outbound,Denied
192.0.73.2,443,192.0.73.2,10.3.101.1,2026-03-25 20:41:50,10.3.230.135,Outbound,deny
104.18.87.42,443,104.18.87.42,10.3.101.1,2026-03-25 19:27:57,10.3.101.105,Outbound,deny
104.18.32.137,443,104.18.32.137,10.0.100.1,2026-03-26 04:07:40,192.168.57.8,Outbound,Denied
104.18.87.42,443,104.18.87.42,10.0.100.1,2026-03-26 04:07:40,192.168.57.8,Outbound,Denied
208.91.112.55,53,208.91.112.55,10.40.42.1,2026-03-26 01:44:28,10.40.40.2,Outbound,deny
192.0.73.2,443,192.0.73.2,10.3.101.1,2026-03-26 01:31:55,10.3.230.135,Outbound,deny
208.91.112.55,53,208.91.112.55,10.40.42.1,2026-03-26 05:48:00,10.40.40.2,Outbound,deny
192.0.73.2,443,192.0.73.2,10.4.74.1,2026-03-26 06:19:00,10.4.112.44,Outbound,Denied
192.0.73.2,443,192.0.73.2,192.168.64.4,2026-03-26 07:32:00,192.168.63.96,Outbound,Denied
208.91.112.55,443,208.91.112.55,172.16.101.1,2026-03-26 08:30:00,172.16.70.23,Outbound,deny
208.91.112.55,443,208.91.112.55,172.16.101.1,2026-03-26 08:30:00,172.16.70.21,Outbound,deny
208.91.112.55,4118,208.91.112.55,172.16.101.1,2026-03-26 08:30:00,172.16.70.13,Outbound,deny
104.18.32.137,443,104.18.32.137,10.2.100.95,2026-03-26 08:48:00,10.2.100.114,Outbound,deny
104.18.87.42,443,104.18.87.42,10.2.100.95,2026-03-26 08:49:00,10.2.100.114,Outbound,deny
192.0.73.2,443,192.0.73.2,10.0.100.1,2026-03-26 09:32:00,192.168.57.99,Outbound,Denied
192.0.73.2,443,192.0.73.2,10.0.100.1,2026-03-26 09:33:00,192.168.57.87,Outbound,Denied
192.0.73.2,443,192.0.73.2,10.3.101.1,2026-03-26 09:46:00,10.3.230.135,Outbound,deny
192.0.73.2,443,192.0.73.2,10.2.100.95,2026-03-26 09:47:00,10.2.100.56,Outbound,deny
192.0.73.2,443,192.0.73.2,192.168.64.4,2026-03-26 09:52:00,192.168.63.99,Outbound,Denied
104.18.87.42,443,104.18.87.42,10.0.100.1,2026-03-26 09:52:00,192.168.57.52,Outbound,Denied
192.0.73.2,443,192.0.73.2,10.4.74.1,2026-03-26 09:56:00,10.4.111.78,Outbound,Denied
104.18.87.42,443,104.18.87.42,10.3.101.1,2026-03-26 09:59:00,10.3.101.137,Outbound,deny
104.26.13.205,443,https://api.ipify.org,10.0.100.1,2026-03-26 10:13:00,192.168.57.46,Outbound,Denied
104.18.87.42,443,104.18.87.42,10.3.101.1,2026-03-26 10:16:00,10.3.101.135,Outbound,deny
192.0.73.2,443,192.0.73.2,192.168.64.4,2026-03-26 10:17:00,192.168.63.102,Outbound,Denied
104.18.32.137,443,104.18.32.137,10.2.100.95,2026-03-26 10:19:00,10.2.105.219,Outbound,deny
104.18.87.42,443,104.18.87.42,10.2.100.95,2026-03-26 10:20:00,10.2.105.219,Outbound,deny
104.18.87.42,443,104.18.87.42,10.3.101.1,2026-03-26 10:28:00,10.3.101.198,Outbound,deny
104.18.35.23,443,104.18.35.23,10.2.100.95,2026-03-26 10:29:00,10.2.105.144,Outbound,deny
104.18.32.137,443,104.18.32.137,10.3.101.1,2026-03-26 10:44:00,10.3.101.215,Outbound,deny
104.18.87.42,443,104.18.87.42,10.3.101.1,2026-03-26 10:44:00,10.3.101.215,Outbound,deny
192.0.73.2,443,192.0.73.2,10.2.100.95,2026-03-26 10:45:00,10.2.100.169,Outbound,deny
192.0.73.2,443,192.0.73.2,192.168.64.4,2026-03-26 10:51:00,192.168.63.73,Outbound,Denied
192.0.73.2,443,192.0.73.2,192.168.64.4,2026-03-26 10:55:00,192.168.63.167,Outbound,Denied
192.0.73.2,443,192.0.73.2,10.0.100.1,2026-03-26 11:06:00,192.168.57.64,Outbound,Denied
192.0.73.2,443,192.0.73.2,192.168.64.4,2026-03-26 11:07:00,192.168.63.178,Outbound,Denied
104.18.32.137,443,104.18.32.137,10.3.101.1,2026-03-26 11:09:00,10.3.101.69,Outbound,deny
192.0.73.2,443,192.0.73.2,10.0.100.1,2026-03-26 11:18:00,192.168.57.143,Outbound,Denied
104.18.87.42,443,104.18.87.42,10.2.100.95,2026-03-26 11:19:00,10.2.100.199,Outbound,deny
104.18.32.137,443,104.18.32.137,10.4.74.1,2026-03-26 11:22:00,10.4.100.50,Outbound,Denied
192.0.73.2,443,192.0.73.2,192.168.64.4,2026-03-26 11:32:00,192.168.63.199,Outbound,Denied
104.18.87.42,443,104.18.87.42,10.3.101.1,2026-03-26 11:33:00,10.3.101.209,Outbound,deny
104.18.32.137,443,104.18.32.137,10.2.100.95,2026-03-26 11:34:00,10.2.100.199,Outbound,deny
104.18.32.137,443,104.18.32.137,10.3.101.1,2026-03-26 11:36:00,10.3.101.209,Outbound,deny
104.18.87.42,443,104.18.87.42,10.2.100.95,2026-03-26 11:47:00,10.2.100.156,Outbound,deny
104.18.32.137,443,104.18.32.137,10.2.100.95,2026-03-26 11:47:00,10.2.100.156,Outbound,deny
104.18.87.42,443,104.18.87.42,10.3.101.1,2026-03-26 12:08:00,10.3.101.179,Outbound,deny
104.18.32.137,443,104.18.32.137,10.3.101.1,2026-03-26 12:08:00,10.3.101.222,Outbound,deny
104.18.35.23,443,104.18.35.23,10.0.100.1,2026-03-26 12:09:00,172.16.28.135,Outbound,Denied
104.18.32.137,443,104.18.32.137,10.3.101.1,2026-03-26 12:09:00,10.3.101.179,Outbound,deny
104.18.35.23,443,104.18.35.23,10.4.74.1,2026-03-26 12:15:00,10.4.112.110,Outbound,Denied
104.18.35.23,443,104.18.35.23,10.4.74.1,2026-03-26 12:16:00,10.4.100.129,Outbound,Denied
104.18.87.42,443,104.18.87.42,10.3.101.1,2026-03-26 12:17:00,10.3.101.185,Outbound,deny
216.150.1.1,443,216.150.1.1,10.3.101.1,2026-03-26 12:19:00,10.3.101.197,Outbound,deny
104.18.87.42,443,104.18.87.42,10.2.100.95,2026-03-26 12:19:00,10.2.101.23,Outbound,deny
192.0.73.2,443,192.0.73.2,192.168.64.4,2026-03-26 12:22:00,192.168.62.125,Outbound,Denied
104.18.32.137,443,104.18.32.137,10.3.101.1,2026-03-26 12:25:00,10.3.101.185,Outbound,deny
104.18.35.23,443,104.18.35.23,10.0.100.1,2026-03-26 12:26:00,172.16.28.232,Outbound,Denied
192.0.73.2,443,192.0.73.2,192.168.64.4,2026-03-26 12:26:00,192.168.63.111,Outbound,Denied
104.18.87.42,443,104.18.87.42,10.40.42.1,2026-03-26 12:37:00,10.10.1.36,Outbound,pass
104.18.87.42,443,104.18.87.42,10.3.101.1,2026-03-26 12:34:00,10.3.101.114,Outbound,deny
104.18.87.42,443,104.18.87.42,10.40.42.1,2026-03-26 12:37:00,10.10.1.36,Outbound,close
198.49.23.144,443,198.49.23.144,10.2.100.95,2026-03-26 12:39:00,10.2.100.105,Outbound,deny
104.18.87.42,443,104.18.87.42,10.3.101.1,2026-03-26 12:47:00,10.3.101.122,Outbound,deny
104.18.32.137,443,104.18.32.137,10.0.100.1,2026-03-26 12:51:00,172.16.27.202,Outbound,Denied
104.18.87.42,443,104.18.87.42,192.168.64.4,2026-03-26 12:52:00,192.168.63.167,Outbound,Denied
104.18.32.137,443,104.18.32.137,192.168.64.4,2026-03-26 13:05:00,192.168.63.167,Outbound,Denied
192.0.73.2,443,192.0.73.2,192.168.64.4,2026-03-26 13:10:00,192.168.63.96,Outbound,Denied
104.18.87.42,443,104.18.87.42,10.0.100.1,2026-03-26 13:11:00,172.16.27.202,Outbound,Denied
192.0.73.2,443,192.0.73.2,192.168.64.4,2026-03-26 13:42:00,192.168.63.88,Outbound,Denied
76.76.21.21,443,76.76.21.21,10.3.101.1,2026-03-26 14:26:00,10.3.101.158,Outbound,deny
192.0.73.2,443,192.0.73.2,10.0.100.1,2026-03-26 14:27:00,192.168.57.9,Outbound,Denied
104.18.32.137,443,104.18.32.137,10.3.101.1,2026-03-26 14:29:00,10.3.101.215,Outbound,deny
192.0.73.2,443,192.0.73.2,10.2.100.95,2026-03-26 14:30:00,10.2.100.3,Outbound,deny
104.18.87.42,443,104.18.87.42,10.3.101.1,2026-03-26 14:33:00,10.3.101.68,Outbound,deny
104.18.87.42,443,104.18.87.42,10.2.100.95,2026-03-26 14:49:00,10.2.100.125,Outbound,deny
45.64.104.32,443,pro.ip-api.com,10.0.100.1,2026-03-26 14:53:00,192.168.57.169,Outbound,Denied
104.18.87.42,443,104.18.87.42,192.168.64.4,2026-03-26 15:00:00,192.168.63.126,Outbound,Denied
104.18.32.137,443,104.18.32.137,192.168.64.4,2026-03-26 15:00:00,192.168.63.126,Outbound,Denied
104.18.87.42,443,104.18.87.42,10.0.100.1,2026-03-26 15:02:00,192.168.57.15,Outbound,Denied
104.18.32.137,443,104.18.32.137,10.0.100.1,2026-03-26 15:02:00,192.168.57.15,Outbound,Denied
192.0.73.2,443,192.0.73.2,192.168.64.4,2026-03-26 15:11:00,192.168.63.161,Outbound,Denied
104.18.32.137,443,104.18.32.137,10.2.100.95,2026-03-26 15:18:00,10.2.100.232,Outbound,deny
208.91.112.55,443,208.91.112.55,10.40.42.1,2026-03-26 15:29:00,10.10.2.4,Outbound,deny
192.0.73.2,443,192.0.73.2,10.4.74.1,2026-03-26 15:31:00,10.4.111.118,Outbound,Denied
192.0.73.2,443,192.0.73.2,10.2.100.95,2026-03-26 15:36:00,10.2.100.139,Outbound,deny
172.67.74.152,443,https://api.ipify.org,10.0.100.1,2026-03-26 15:39:00,192.168.57.161,Outbound,Denied
104.18.32.137,443,104.18.32.137,10.2.100.95,2026-03-26 15:40:00,10.2.100.199,Outbound,deny
104.18.87.42,443,104.18.87.42,10.2.100.95,2026-03-26 15:40:00,10.2.100.199,Outbound,deny
104.18.87.42,443,104.18.87.42,10.3.101.1,2026-03-26 15:43:00,10.3.101.213,Outbound,deny
104.18.32.137,443,104.18.32.137,10.3.101.1,2026-03-26 15:44:00,10.3.101.213,Outbound,deny
192.0.73.2,443,192.0.73.2,10.4.74.1,2026-03-26 15:45:00,10.4.112.44,Outbound,Denied
104.18.87.42,443,104.18.87.42,10.4.74.1,2026-03-26 15:49:00,10.4.111.141,Outbound,Denied
104.26.12.205,443,https://api.ipify.org,10.0.100.1,2026-03-26 15:50:00,192.168.57.171,Outbound,Denied
216.150.1.1,443,216.150.1.1,10.2.100.95,2026-03-26 15:55:00,10.2.101.190,Outbound,deny
104.18.32.137,443,104.18.32.137,10.0.100.1,2026-03-26 15:55:00,192.168.57.167,Outbound,Denied
104.18.87.42,443,104.18.87.42,10.0.100.1,2026-03-26 15:55:00,192.168.57.167,Outbound,Denied
104.18.32.137,443,104.18.32.137,10.4.74.1,2026-03-26 16:00:00,10.4.111.141,Outbound,Denied
104.18.35.23,443,104.18.35.23,10.4.74.1,2026-03-26 16:13:00,10.4.100.129,Outbound,Denied
104.18.87.42,443,104.18.87.42,10.3.101.1,2026-03-26 16:19:00,10.3.101.212,Outbound,deny
104.18.32.137,443,104.18.32.137,10.3.101.1,2026-03-26 16:21:00,10.3.101.212,Outbound,deny
104.18.32.137,443,104.18.32.137,10.2.100.95,2026-03-26 16:24:00,10.2.100.169,Outbound,deny
104.18.32.137,443,104.18.32.137,10.2.100.95,2026-03-26 16:24:00,10.2.100.134,Outbound,deny
104.18.87.42,443,104.18.87.42,10.2.100.95,2026-03-26 16:26:00,10.2.100.169,Outbound,deny
104.18.87.42,443,104.18.87.42,10.3.101.1,2026-03-26 16:39:00,10.3.101.179,Outbound,deny
192.0.73.2,443,192.0.73.2,10.2.100.95,2026-03-26 16:39:00,10.2.100.103,Outbound,deny
104.18.87.42,443,104.18.87.42,10.0.100.1,2026-03-26 16:51:00,192.168.57.64,Outbound,Denied
104.18.32.137,443,104.18.32.137,10.3.101.1,2026-03-26 16:52:00,10.3.101.179,Outbound,deny
104.18.32.137,443,104.18.32.137,10.0.100.1,2026-03-26 16:56:00,192.168.57.64,Outbound,Denied
192.0.73.2,443,192.0.73.2,10.3.101.1,2026-03-26 16:59:00,10.3.230.135,Outbound,deny
208.91.112.55,53,208.91.112.55,10.40.42.1,2026-03-26 17:11:00,10.40.40.2,Outbound,deny
76.76.21.21,443,76.76.21.21,10.3.101.1,2026-03-26 17:12:00,10.3.101.109,Outbound,deny
76.76.21.61,443,76.76.21.61,10.0.100.1,2026-03-26 17:22:00,192.168.57.62,Outbound,Denied
104.18.87.42,443,104.18.87.42,10.3.101.1,2026-03-26 17:25:00,10.3.101.184,Outbound,deny
104.18.32.137,443,104.18.32.137,10.3.101.1,2026-03-26 17:26:00,10.3.101.184,Outbound,deny
104.18.87.42,443,104.18.87.42,10.2.100.95,2026-03-26 17:28:00,10.2.100.159,Outbound,deny
104.18.32.137,443,104.18.32.137,10.4.74.1,2026-03-26 17:49:00,10.4.100.50,Outbound,Denied
104.18.87.42,443,104.18.87.42,10.4.74.1,2026-03-26 17:49:00,10.4.100.50,Outbound,Denied
208.91.112.55,(blank),208.91.112.55,172.16.101.1,2026-03-26 18:13:54,172.16.70.13,Outbound,deny
208.91.112.55,445,208.91.112.55,172.16.101.1,2026-03-26 18:13:54,172.16.70.13,Outbound,deny
208.91.112.55,4118,208.91.112.55,172.16.101.1,2026-03-26 18:13:54,172.16.70.13,Outbound,deny
192.0.73.2,443,192.0.73.2,10.0.100.1,2026-03-26 18:52:20,192.168.57.15,Outbound,Denied
104.18.35.23,443,104.18.35.23,10.0.100.1,2026-03-26 19:39:25,172.16.28.232,Outbound,Denied
208.91.112.55,53,208.91.112.55,10.40.42.1,2026-03-26 23:46:44,10.40.40.2,Outbound,deny
192.0.73.2,443,192.0.73.2,192.168.64.4,2026-03-26 19:16:30,192.168.63.178,Outbound,Denied
104.18.32.137,443,104.18.32.137,10.4.74.1,2026-03-26 18:01:46,10.4.100.50,Outbound,Denied
104.18.32.137,443,104.18.32.137,192.168.64.4,2026-03-26 20:12:14,192.168.63.110,Outbound,Denied
192.0.73.2,443,192.0.73.2,10.4.74.1,2026-03-26 19:50:22,10.4.100.176,Outbound,Denied
76.76.21.61,443,76.76.21.61,10.4.74.1,2026-03-26 18:37:16,10.4.100.52,Outbound,Denied
192.0.73.2,443,192.0.73.2,10.4.74.1,2026-03-26 18:02:17,10.4.112.192,Outbound,Denied
192.0.73.2,443,192.0.73.2,10.4.74.1,2026-03-27 03:18:05,10.4.112.44,Outbound,Denied
104.18.87.42,443,104.18.87.42,10.40.42.1,2026-03-27 09:47:00,10.10.1.6,Outbound,pass
104.18.87.42,443,104.18.87.42,10.40.42.1,2026-03-27 09:50:00,10.10.2.24,Outbound,pass
104.18.32.137,443,104.18.32.137,10.40.42.1,2026-03-27 09:51:00,10.10.1.27,Outbound,accept
104.18.32.137,443,104.18.32.137,10.40.42.1,2026-03-27 10:29:00,10.10.2.10,Outbound,pass
192.0.73.2,443,192.0.73.2,192.168.64.4,2026-03-27 06:36:00,192.168.63.200,Outbound,Denied
103.166.245.100,16503,103.166.245.100,10.0.100.1,2026-03-27 07:19:00,10.0.100.163,Outbound,Denied
103.166.245.100,18660,103.166.245.100,10.0.100.1,2026-03-27 07:19:00,10.0.100.163,Outbound,Denied
103.166.245.100,58540,103.166.245.100,10.0.100.1,2026-03-27 07:19:00,10.0.100.163,Outbound,Denied
103.166.245.100,51836,103.166.245.100,10.0.100.1,2026-03-27 07:28:00,10.0.100.163,Outbound,Denied
103.166.245.100,43199,103.166.245.100,10.0.100.1,2026-03-27 07:29:00,10.0.100.163,Outbound,Denied
208.91.112.55,4118,208.91.112.55,172.16.101.1,2026-03-27 08:30:00,172.16.70.13,Outbound,deny
208.91.112.55,443,208.91.112.55,172.16.101.1,2026-03-27 08:30:00,172.16.70.21,Outbound,deny
208.91.112.55,443,208.91.112.55,172.16.101.1,2026-03-27 08:30:00,172.16.70.23,Outbound,deny
104.18.87.42,443,104.18.87.42,10.40.42.1,2026-03-27 08:46:00,10.10.1.14,Outbound,server-rst
192.0.73.2,443,192.0.73.2,10.0.100.1,2026-03-27 09:01:00,192.168.57.87,Outbound,Denied
45.64.104.32,443,pro.ip-api.com,10.0.100.1,2026-03-27 09:18:00,192.168.57.169,Outbound,Denied
192.0.73.2,443,192.0.73.2,X33021M4TVT6KE4,2026-03-27 09:21:00,10.6.96.127,Outbound,Drop
192.0.73.2,443,192.0.73.2,10.2.100.95,2026-03-27 09:23:00,10.2.100.169,Outbound,deny
192.0.73.2,443,192.0.73.2,10.0.100.1,2026-03-27 09:34:00,192.168.57.99,Outbound,Denied
104.18.87.42,443,104.18.87.42,X33021M4TVT6KE4,2026-03-27 09:35:00,10.6.96.154,Outbound,Drop
104.18.35.23,443,104.18.35.23,10.4.74.1,2026-03-27 09:35:00,10.4.100.196,Outbound,Denied
104.18.87.42,443,104.18.87.42,X33021M4TVT6KE4,2026-03-27 09:45:00,10.6.96.179,Outbound,Drop
104.18.87.42,443,104.18.87.42,10.40.42.1,2026-03-27 09:51:00,10.10.2.24,Outbound,server-rst
104.18.32.137,443,104.18.32.137,10.40.42.1,2026-03-27 09:51:00,10.10.1.27,Outbound,close
192.0.73.2,443,192.0.73.2,192.168.64.4,2026-03-27 09:56:00,192.168.63.145,Outbound,Denied
104.18.35.23,443,104.18.35.23,10.2.100.95,2026-03-27 09:57:00,10.2.105.139,Outbound,deny
216.150.1.1,443,216.150.1.1,10.4.74.1,2026-03-27 10:02:00,10.4.100.52,Outbound,Denied
192.0.73.2,443,192.0.73.2,192.168.64.4,2026-03-27 10:11:00,192.168.63.111,Outbound,Denied
104.18.32.137,443,104.18.32.137,10.4.74.1,2026-03-27 10:16:00,10.4.100.50,Outbound,Denied
104.18.35.23,443,104.18.35.23,10.0.100.1,2026-03-27 10:23:00,172.16.28.211,Outbound,Denied
104.18.87.42,443,104.18.87.42,10.2.100.95,2026-03-27 10:27:00,10.2.100.130,Outbound,deny
104.18.87.42,443,104.18.87.42,10.40.42.1,2026-03-27 10:29:00,10.10.2.10,Outbound,deny
104.18.32.137,443,104.18.32.137,10.2.100.95,2026-03-27 10:30:00,10.2.105.219,Outbound,deny
104.18.32.137,443,104.18.32.137,10.40.42.1,2026-03-27 10:31:00,10.10.2.10,Outbound,server-rst
104.18.87.42,443,104.18.87.42,10.2.100.95,2026-03-27 10:31:00,10.2.105.219,Outbound,deny
192.0.73.2,443,192.0.73.2,X33021M4TVT6KE4,2026-03-27 10:34:00,10.6.96.181,Outbound,Drop
104.18.32.137,443,104.18.32.137,10.2.100.95,2026-03-27 10:37:00,10.2.100.156,Outbound,deny
104.18.87.42,443,104.18.87.42,10.2.100.95,2026-03-27 10:42:00,10.2.100.156,Outbound,deny
141.193.213.10,443,141.193.213.10,X33021M4TVT6KE4,2026-03-27 10:46:00,10.6.96.184,Outbound,Drop
192.0.73.2,443,192.0.73.2,192.168.64.4,2026-03-27 10:56:00,192.168.62.125,Outbound,Denied
192.0.73.2,443,192.0.73.2,192.168.64.4,2026-03-27 10:56:00,192.168.63.73,Outbound,Denied
13.248.169.48,443,13.248.169.48,10.4.74.1,2026-03-27 10:57:00,10.4.100.84,Outbound,Denied
104.18.87.42,443,104.18.87.42,X33021M4TVT6KE4,2026-03-27 10:58:00,10.6.96.170,Outbound,Drop
192.0.73.2,443,192.0.73.2,10.3.101.1,2026-03-27 11:01:00,10.3.101.109,Outbound,deny
104.18.32.137,443,104.18.32.137,X33021M4TVT6KE4,2026-03-27 11:01:00,10.6.96.116,Outbound,Drop
192.0.73.2,443,192.0.73.2,10.0.100.1,2026-03-27 11:13:00,192.168.57.141,Outbound,Denied
104.18.32.137,443,104.18.32.137,10.3.101.1,2026-03-27 11:20:00,10.3.101.208,Outbound,deny
104.18.35.23,443,104.18.35.23,10.2.100.95,2026-03-27 11:21:00,10.2.105.173,Outbound,deny
208.91.112.55,53,208.91.112.55,10.40.42.1,2026-03-27 11:24:00,10.40.40.2,Outbound,deny
192.0.73.2,443,192.0.73.2,X33021M4TVT6KE4,2026-03-27 11:37:00,10.6.96.170,Outbound,Drop
216.150.1.1,443,216.150.1.1,10.40.42.1,2026-03-27 11:41:00,10.10.2.249,Outbound,deny
104.18.32.137,443,104.18.32.137,10.0.100.1,2026-03-27 11:48:00,192.168.57.141,Outbound,Denied
104.18.87.42,443,104.18.87.42,10.4.74.1,2026-03-27 11:56:00,10.4.111.80,Outbound,Denied
104.18.32.137,443,104.18.32.137,10.4.74.1,2026-03-27 11:56:00,10.4.111.80,Outbound,Denied
104.18.87.42,443,104.18.87.42,10.3.101.1,2026-03-27 11:57:00,10.3.101.137,Outbound,deny
192.0.73.2,443,192.0.73.2,10.3.101.1,2026-03-27 11:58:00,10.3.230.135,Outbound,deny
104.18.87.42,443,104.18.87.42,10.2.100.95,2026-03-27 11:58:00,10.2.100.159,Outbound,deny
76.76.21.21,443,76.76.21.21,10.4.74.1,2026-03-27 11:59:00,10.4.112.110,Outbound,Denied
104.18.35.23,443,104.18.35.23,10.4.74.1,2026-03-27 11:59:00,10.4.100.129,Outbound,Denied
104.18.87.42,443,104.18.87.42,10.3.101.1,2026-03-27 12:04:00,10.3.101.141,Outbound,deny
104.18.87.42,443,104.18.87.42,10.2.100.95,2026-03-27 12:06:00,10.2.100.128,Outbound,deny
104.18.87.42,443,104.18.87.42,10.4.74.1,2026-03-27 12:08:00,10.4.100.52,Outbound,Denied
104.18.32.137,443,104.18.32.137,10.2.100.95,2026-03-27 12:15:00,10.2.100.128,Outbound,deny
104.26.12.205,443,https://api.ipify.org,10.0.100.1,2026-03-27 12:16:00,172.16.28.110,Outbound,Denied
208.95.112.1,80,208.95.112.1,10.40.42.1,2026-03-27 17:26:53,10.10.1.26,Outbound,close
208.95.112.1,80,208.95.112.1,10.40.42.1,2026-03-27 17:44:20,10.10.1.5,Outbound,close
208.95.112.1,80,208.95.112.1,10.40.42.1,2026-03-27 18:03:27,10.10.2.30,Outbound,close
216.150.1.1,443,216.150.1.1,10.2.100.95,2026-03-27 16:25:27,10.2.100.67,Outbound,deny
104.18.32.137,443,104.18.32.137,10.2.100.95,2026-03-27 12:30:30,10.2.101.179,Outbound,deny
104.18.87.42,443,104.18.87.42,10.2.100.95,2026-03-27 12:30:30,10.2.101.179,Outbound,deny
192.0.73.2,443,192.0.73.2,X33021M4TVT6KE4,2026-03-27 14:59:22,10.6.96.138,Outbound,Drop
208.91.112.55,4118,208.91.112.55,172.16.101.1,2026-03-27 18:03:28,172.16.70.13,Outbound,deny
104.18.87.42,443,104.18.87.42,10.0.100.1,2026-03-27 18:33:09,192.168.57.116,Outbound,Denied
104.18.32.137,443,104.18.32.137,10.0.100.1,2026-03-27 12:58:27,192.168.57.39,Outbound,Denied
192.0.73.2,443,192.0.73.2,10.0.100.1,2026-03-27 18:18:41,192.168.57.87,Outbound,Denied
104.18.32.137,443,104.18.32.137,192.168.64.4,2026-03-27 17:06:10,192.168.63.125,Outbound,Denied
104.18.87.42,443,104.18.87.42,192.168.64.4,2026-03-27 17:06:10,192.168.63.125,Outbound,Denied
208.95.112.1,80,208.95.112.1,192.168.64.4,2026-03-27 18:03:57,192.168.63.154,Outbound,Denied
208.95.112.1,80,208.95.112.1,192.168.64.4,2026-03-27 17:39:20,192.168.63.167,Outbound,Denied
208.95.112.1,80,208.95.112.1,192.168.64.4,2026-03-27 17:33:21,192.168.63.199,Outbound,Denied
104.18.87.42,443,104.18.87.42,192.168.64.4,2026-03-27 15:07:03,192.168.63.200,Outbound,Denied
208.95.112.1,80,208.95.112.1,192.168.64.4,2026-03-27 18:05:26,192.168.63.30,Outbound,Denied
104.18.32.137,443,104.18.32.137,192.168.64.4,2026-03-27 16:04:34,192.168.63.230,Outbound,Denied
208.95.112.1,80,208.95.112.1,192.168.64.4,2026-03-27 16:04:34,192.168.63.230,Outbound,Denied
208.95.112.1,80,208.95.112.1,192.168.64.4,2026-03-27 17:46:05,192.168.63.175,Outbound,Denied
192.0.73.2,443,192.0.73.2,10.2.100.95,2026-03-27 12:32:20,10.2.105.198,Outbound,deny
104.18.32.137,443,104.18.32.137,10.2.100.95,2026-03-27 12:32:20,10.2.105.198,Outbound,deny
104.18.87.42,443,104.18.87.42,10.2.100.95,2026-03-27 12:32:20,10.2.105.198,Outbound,deny
192.0.73.2,443,192.0.73.2,10.2.100.95,2026-03-27 14:48:15,10.2.100.56,Outbound,deny
208.95.112.1,80,208.95.112.1,192.168.64.4,2026-03-27 17:32:36,192.168.63.161,Outbound,Denied
208.95.112.1,80,208.95.112.1,192.168.64.4,2026-03-27 18:11:46,192.168.63.74,Outbound,Denied
208.95.112.1,80,208.95.112.1,192.168.64.4,2026-03-27 18:58:18,192.168.63.111,Outbound,Denied
208.95.112.1,80,208.95.112.1,10.40.42.1,2026-03-27 18:04:55,10.10.1.25,Outbound,close
216.150.1.1,443,216.150.1.1,10.0.100.1,2026-03-27 15:19:33,192.168.57.62,Outbound,Denied
104.18.32.137,443,104.18.32.137,10.40.42.1,2026-03-27 15:07:05,10.10.1.27,Outbound,deny
104.18.87.42,443,104.18.87.42,10.40.42.1,2026-03-27 15:07:05,10.10.1.27,Outbound,deny
104.18.87.42,443,104.18.87.42,10.0.100.1,2026-03-27 17:24:15,192.168.57.55,Outbound,Denied
104.18.32.137,443,104.18.32.137,10.0.100.1,2026-03-27 15:05:44,192.168.57.128,Outbound,Denied
104.18.87.42,443,104.18.87.42,10.0.100.1,2026-03-27 15:05:44,192.168.57.128,Outbound,Denied
192.0.73.2,443,192.0.73.2,10.2.100.95,2026-03-27 13:04:46,10.2.105.189,Outbound,deny
104.18.87.42,443,104.18.87.42,10.3.101.1,2026-03-27 14:39:20,10.3.101.68,Outbound,deny
104.18.35.23,443,104.18.35.23,10.0.100.1,2026-03-27 16:37:30,172.16.28.232,Outbound,Denied
208.91.112.55,53,208.91.112.55,10.40.42.1,2026-03-27 12:33:09,10.40.40.2,Outbound,deny
104.18.87.42,443,104.18.87.42,10.3.101.1,2026-03-27 14:59:34,10.3.101.140,Outbound,deny
216.150.1.1,443,216.150.1.1,10.40.42.1,2026-03-27 12:37:48,10.10.2.249,Outbound,deny
192.0.73.2,443,192.0.73.2,10.3.101.1,2026-03-27 15:25:43,10.3.101.191,Outbound,deny
104.18.32.137,443,104.18.32.137,X33021M4TVT6KE4,2026-03-27 15:10:25,10.6.96.183,Outbound,Drop
104.18.32.137,443,104.18.32.137,10.3.101.1,2026-03-27 17:16:36,10.3.101.160,Outbound,deny
192.0.73.2,443,192.0.73.2,X33021M4TVT6KE4,2026-03-27 15:41:07,10.6.96.181,Outbound,Drop
104.18.87.42,443,104.18.87.42,X33021M4TVT6KE4,2026-03-27 15:41:07,10.6.96.181,Outbound,Drop
192.0.73.2,443,192.0.73.2,192.168.64.4,2026-03-27 16:07:08,192.168.63.178,Outbound,Denied
192.0.73.2,443,192.0.73.2,10.4.74.1,2026-03-27 15:19:31,10.4.112.44,Outbound,Denied
104.18.35.23,443,104.18.35.23,10.4.74.1,2026-03-27 12:51:04,10.4.100.129,Outbound,Denied
192.0.73.2,443,192.0.73.2,10.4.74.1,2026-03-27 12:58:55,10.4.112.110,Outbound,Denied
216.150.1.1,443,216.150.1.1,10.4.74.1,2026-03-27 12:58:55,10.4.112.110,Outbound,Denied
192.0.73.2,443,192.0.73.2,X33021M4TVT6KE4,2026-03-27 13:33:25,10.6.96.170,Outbound,Drop
104.18.87.42,443,104.18.87.42,X33021M4TVT6KE4,2026-03-27 13:33:25,10.6.96.170,Outbound,Drop
192.0.73.2,443,192.0.73.2,10.2.100.95,2026-03-27 14:12:25,10.2.100.3,Outbound,deny
208.95.112.1,80,208.95.112.1,10.4.74.1,2026-03-27 17:50:14,10.4.113.81,Outbound,Denied
208.95.112.1,80,208.95.112.1,192.168.64.4,2026-03-27 18:22:26,192.168.63.73,Outbound,Denied
192.0.73.2,443,192.0.73.2,10.4.74.1,2026-03-27 14:03:15,10.4.112.54,Outbound,Denied
104.18.32.137,443,104.18.32.137,10.4.74.1,2026-03-27 14:03:15,10.4.112.54,Outbound,Denied
104.18.87.42,443,104.18.87.42,10.3.101.1,2026-03-27 14:00:47,10.3.101.180,Outbound,deny
216.150.1.1,443,216.150.1.1,10.4.74.1,2026-03-27 17:04:50,10.4.100.52,Outbound,Denied
208.95.112.1,80,208.95.112.1,10.4.74.1,2026-03-27 18:50:12,10.4.111.61,Outbound,Denied
192.0.73.2,443,192.0.73.2,192.168.64.4,2026-03-27 18:42:26,192.168.63.169,Outbound,Denied
104.18.32.137,443,104.18.32.137,10.4.74.1,2026-03-27 17:26:42,10.4.112.183,Outbound,Denied
104.18.87.42,443,104.18.87.42,10.4.74.1,2026-03-27 17:26:42,10.4.112.183,Outbound,Denied
208.95.112.1,80,208.95.112.1,10.4.74.1,2026-03-27 17:26:42,10.4.112.183,Outbound,Denied
208.95.112.1,80,208.95.112.1,10.4.74.1,2026-03-27 18:28:37,10.4.112.120,Outbound,Denied
208.95.112.1,80,208.95.112.1,10.4.74.1,2026-03-27 18:24:19,10.4.112.112,Outbound,Denied
208.95.112.1,80,208.95.112.1,10.4.74.1,2026-03-27 18:18:41,10.4.112.43,Outbound,Denied
208.95.112.1,80,208.95.112.1,10.4.74.1,2026-03-27 18:15:35,10.4.74.53,Outbound,Denied
104.18.32.137,443,104.18.32.137,10.3.101.1,2026-03-27 17:32:17,10.3.101.208,Outbound,deny
104.18.87.42,443,104.18.87.42,10.3.101.1,2026-03-27 17:32:17,10.3.101.208,Outbound,deny
208.95.112.1,80,208.95.112.1,10.40.42.1,2026-03-27 17:57:45,10.10.1.29,Outbound,close
208.95.112.1,80,208.95.112.1,10.4.74.1,2026-03-27 17:56:48,10.4.111.53,Outbound,Denied
208.95.112.1,80,208.95.112.1,10.40.42.1,2026-03-27 17:42:30,10.10.1.146,Outbound,close
192.0.73.2,443,192.0.73.2,192.168.64.4,2026-03-27 12:30:52,192.168.62.125,Outbound,Denied
208.95.112.1,80,208.95.112.1,192.168.64.4,2026-03-27 17:21:47,192.168.63.120,Outbound,Denied
104.18.32.137,443,104.18.32.137,10.0.100.1,2026-03-27 12:35:04,192.168.57.78,Outbound,Denied
104.18.87.42,443,104.18.87.42,10.0.100.1,2026-03-27 12:35:04,192.168.57.78,Outbound,Denied
104.18.32.137,443,104.18.32.137,10.40.42.1,2026-03-27 16:39:13,10.10.1.45,Outbound,deny
104.18.87.42,443,104.18.87.42,10.40.42.1,2026-03-27 16:39:13,10.10.1.45,Outbound,deny
104.18.87.42,443,104.18.87.42,10.3.101.1,2026-03-27 16:36:07,10.3.101.165,Outbound,deny
104.18.32.137,443,104.18.32.137,10.2.100.95,2026-03-27 16:14:49,10.2.101.175,Outbound,deny
104.18.87.42,443,104.18.87.42,10.2.100.95,2026-03-27 16:14:49,10.2.101.175,Outbound,deny
104.18.32.137,443,104.18.32.137,10.0.100.1,2026-03-27 15:44:21,192.168.57.147,Outbound,Denied
104.18.87.42,443,104.18.87.42,10.0.100.1,2026-03-27 15:44:21,192.168.57.147,Outbound,Denied
104.18.87.42,443,104.18.87.42,10.0.100.1,2026-03-27 15:01:12,172.16.28.237,Outbound,Denied
104.18.32.137,443,104.18.32.137,10.2.100.95,2026-03-27 14:33:26,10.2.105.249,Outbound,deny
192.0.73.2,443,192.0.73.2,10.4.74.1,2026-03-27 14:23:31,10.4.111.101,Outbound,Denied
208.95.112.1,80,208.95.112.1,10.40.42.1,2026-03-27 17:42:29,10.10.1.146,Outbound,pass
208.95.112.1,80,208.95.112.1,10.40.42.1,2026-03-27 18:04:51,10.10.1.25,Outbound,pass
208.95.112.1,80,208.95.112.1,10.40.42.1,2026-03-27 17:57:44,10.10.1.29,Outbound,pass
208.95.112.1,80,208.95.112.1,10.40.42.1,2026-03-27 17:43:18,10.10.1.5,Outbound,pass
208.95.112.1,80,208.95.112.1,10.40.42.1,2026-03-27 17:06:06,10.10.2.19,Outbound,pass
208.95.112.1,80,208.95.112.1,10.40.42.1,2026-03-27 17:19:47,10.10.2.20,Outbound,pass
208.95.112.1,80,208.95.112.1,10.40.42.1,2026-03-27 23:21:00,10.10.1.26,Outbound,pass
208.95.112.1,80,208.95.112.1,10.4.74.1,2026-03-27 19:04:00,10.4.112.194,Outbound,Denied
208.95.112.1,80,208.95.112.1,192.168.64.4,2026-03-27 19:05:00,192.168.63.169,Outbound,Denied
208.95.112.1,80,208.95.112.1,192.168.64.4,2026-03-27 19:10:00,192.168.63.163,Outbound,Denied
192.0.73.2,443,192.0.73.2,10.4.74.1,2026-03-27 19:10:00,10.4.112.192,Outbound,Denied
208.95.112.1,80,208.95.112.1,192.168.64.4,2026-03-27 19:15:00,192.168.63.102,Outbound,Denied
208.95.112.1,0,208.95.112.1,10.4.74.1,2026-03-27 19:16:00,192.168.103.6,Outbound,Denied
104.18.87.42,443,104.18.87.42,10.0.100.1,2026-03-27 19:35:00,192.168.57.55,Outbound,Denied
192.0.73.2,443,192.0.73.2,10.3.101.1,2026-03-27 19:57:00,10.3.230.135,Outbound,deny
208.95.112.1,80,208.95.112.1,192.168.64.4,2026-03-27 19:59:00,192.168.63.167,Outbound,Denied
208.95.112.1,80,208.95.112.1,10.4.74.1,2026-03-27 20:00:00,10.4.100.88,Outbound,Denied
216.150.1.1,443,216.150.1.1,10.0.100.1,2026-03-27 20:24:00,192.168.57.62,Outbound,Denied
208.95.112.1,80,208.95.112.1,10.4.74.1,2026-03-27 20:28:00,10.4.112.192,Outbound,Denied
104.18.87.42,443,104.18.87.42,10.40.42.1,2026-03-27 20:34:00,10.10.1.26,Outbound,deny
104.18.35.23,443,104.18.35.23,10.0.100.1,2026-03-27 20:39:00,172.16.28.232,Outbound,Denied
104.26.12.205,443,https://api.ipify.org,10.0.100.1,2026-03-27 20:58:00,192.168.57.161,Outbound,Denied
192.0.73.2,443,192.0.73.2,10.40.42.1,2026-03-27 21:16:00,10.10.1.35,Outbound,deny
192.0.73.2,443,192.0.73.2,192.168.64.4,2026-03-27 21:31:00,192.168.63.200,Outbound,Denied
208.91.112.55,53,208.91.112.55,10.40.42.1,2026-03-27 21:42:00,10.40.40.2,Outbound,deny
192.0.73.2,443,192.0.73.2,10.0.100.1,2026-03-27 23:07:00,192.168.57.87,Outbound,Denied
208.95.112.1,80,208.95.112.1,10.40.42.1,2026-03-27 23:21:00,10.10.1.26,Outbound,close
208.95.112.1,80,208.95.112.1,10.40.42.1,2026-03-28 01:03:00,10.10.2.30,Outbound,pass
208.95.112.1,80,208.95.112.1,10.40.42.1,2026-03-28 01:04:00,10.10.2.30,Outbound,close
208.91.112.55,53,208.91.112.55,10.40.42.1,2026-03-28 02:06:00,10.40.40.2,Outbound,deny
192.0.73.2,443,192.0.73.2,10.4.74.1,2026-03-28 03:20:00,10.4.112.44,Outbound,Denied
208.95.112.1,80,208.95.112.1,10.40.42.1,2026-03-28 08:03:00,10.10.2.30,Outbound,pass
208.95.112.1,80,208.95.112.1,10.40.42.1,2026-03-28 10:46:00,10.10.1.26,Outbound,pass
192.0.73.2,443,192.0.73.2,192.168.64.4,2026-03-28 06:33:00,192.168.63.200,Outbound,Denied
208.91.112.55,4118,208.91.112.55,172.16.101.1,2026-03-28 08:30:00,172.16.70.13,Outbound,deny
208.91.112.55,443,208.91.112.55,172.16.101.1,2026-03-28 08:31:00,172.16.70.21,Outbound,deny
208.91.112.55,443,208.91.112.55,172.16.101.1,2026-03-28 08:31:00,172.16.70.23,Outbound,deny
141.193.213.10,443,141.193.213.10,10.2.100.95,2026-03-28 08:38:00,10.2.100.60,Outbound,deny
104.18.87.42,443,104.18.87.42,10.2.100.95,2026-03-28 09:21:00,10.2.100.159,Outbound,deny
208.91.112.55,443,208.91.112.55,10.40.42.1,2026-03-28 09:34:00,10.10.2.4,Outbound,deny
208.95.112.1,80,208.95.112.1,192.168.64.4,2026-03-28 10:06:00,192.168.63.73,Outbound,Denied
208.95.112.1,80,208.95.112.1,192.168.64.4,2026-03-28 10:07:00,192.168.63.187,Outbound,Denied
208.95.112.1,80,208.95.112.1,192.168.64.4,2026-03-28 10:12:00,192.168.63.25,Outbound,Denied
208.95.112.1,80,208.95.112.1,192.168.64.4,2026-03-28 10:24:00,192.168.63.230,Outbound,Denied
208.95.112.1,80,208.95.112.1,192.168.64.4,2026-03-28 10:24:00,192.168.63.219,Outbound,Denied
208.95.112.1,80,208.95.112.1,192.168.64.4,2026-03-28 10:24:00,192.168.63.171,Outbound,Denied
208.95.112.1,80,208.95.112.1,192.168.64.4,2026-03-28 10:24:00,192.168.63.167,Outbound,Denied
208.95.112.1,80,208.95.112.1,192.168.64.4,2026-03-28 10:24:00,192.168.63.30,Outbound,Denied
208.95.112.1,80,208.95.112.1,192.168.64.4,2026-03-28 10:36:00,192.168.63.125,Outbound,Denied
208.95.112.1,80,208.95.112.1,192.168.64.4,2026-03-28 10:42:00,192.168.63.108,Outbound,Denied
208.95.112.1,80,208.95.112.1,192.168.64.4,2026-03-28 10:44:00,192.168.63.160,Outbound,Denied
208.95.112.1,80,208.95.112.1,10.40.42.1,2026-03-28 10:46:00,10.10.1.26,Outbound,close
208.91.112.55,53,208.91.112.55,10.40.42.1,2026-03-28 10:47:00,10.40.40.2,Outbound,deny
208.95.112.1,80,208.95.112.1,192.168.64.4,2026-03-28 10:51:00,192.168.63.197,Outbound,Denied
208.95.112.1,80,208.95.112.1,192.168.64.4,2026-03-28 10:52:00,192.168.63.156,Outbound,Denied
192.0.73.2,443,192.0.73.2,10.0.100.1,2026-03-28 10:59:00,192.168.57.87,Outbound,Denied
208.95.112.1,80,208.95.112.1,192.168.64.4,2026-03-28 10:59:00,192.168.63.146,Outbound,Denied
208.95.112.1,80,208.95.112.1,192.168.64.4,2026-03-28 11:01:00,192.168.63.162,Outbound,Denied
208.95.112.1,80,208.95.112.1,192.168.64.4,2026-03-28 11:03:00,192.168.63.175,Outbound,Denied
208.95.112.1,80,208.95.112.1,192.168.64.4,2026-03-28 11:07:00,192.168.63.172,Outbound,Denied
104.18.32.137,443,104.18.32.137,10.0.100.1,2026-03-28 11:11:00,192.168.57.87,Outbound,Denied
208.95.112.1,80,208.95.112.1,192.168.64.4,2026-03-28 11:14:00,192.168.63.102,Outbound,Denied
208.95.112.1,80,208.95.112.1,192.168.64.4,2026-03-28 11:15:00,192.168.63.154,Outbound,Denied
208.95.112.1,80,208.95.112.1,192.168.64.4,2026-03-28 11:27:00,192.168.63.107,Outbound,Denied
208.95.112.1,80,208.95.112.1,192.168.64.4,2026-03-28 11:27:00,192.168.63.169,Outbound,Denied
208.95.112.1,80,208.95.112.1,192.168.64.4,2026-03-28 11:28:00,192.168.63.163,Outbound,Denied
208.95.112.1,80,208.95.112.1,192.168.64.4,2026-03-28 11:39:00,192.168.63.178,Outbound,Denied
208.95.112.1,80,208.95.112.1,192.168.64.4,2026-03-28 11:39:00,192.168.63.145,Outbound,Denied
208.95.112.1,80,208.95.112.1,192.168.64.4,2026-03-28 11:39:00,192.168.63.111,Outbound,Denied
208.95.112.1,80,208.95.112.1,192.168.64.4,2026-03-28 11:40:00,192.168.63.138,Outbound,Denied
208.95.112.1,80,208.95.112.1,192.168.64.4,2026-03-28 11:40:00,192.168.63.199,Outbound,Denied
208.95.112.1,80,208.95.112.1,192.168.64.4,2026-03-28 11:43:00,192.168.63.161,Outbound,Denied
208.95.112.1,80,208.95.112.1,192.168.64.4,2026-03-28 11:44:00,192.168.63.220,Outbound,Denied
208.95.112.1,80,208.95.112.1,192.168.64.4,2026-03-28 11:44:00,192.168.63.74,Outbound,Denied
208.95.112.1,80,208.95.112.1,192.168.64.4,2026-03-28 11:45:00,192.168.63.126,Outbound,Denied
208.95.112.1,80,208.95.112.1,192.168.64.4,2026-03-28 11:45:00,192.168.63.120,Outbound,Denied
208.95.112.1,80,208.95.112.1,192.168.64.4,2026-03-28 11:45:00,192.168.63.69,Outbound,Denied
208.95.112.1,80,208.95.112.1,192.168.64.4,2026-03-28 11:54:00,192.168.63.147,Outbound,Denied
208.95.112.1,80,208.95.112.1,10.4.74.1,2026-03-28 11:57:00,10.4.111.110,Outbound,Denied
208.95.112.1,80,208.95.112.1,10.40.42.1,2026-03-28 15:03:19,10.10.2.30,Outbound,pass
208.95.112.1,80,208.95.112.1,10.40.42.1,2026-03-28 18:46:58,10.10.1.26,Outbound,pass
104.18.35.23,443,104.18.35.23,10.0.100.1,2026-03-28 12:13:28,172.16.28.135,Outbound,Denied
208.95.112.1,80,208.95.112.1,10.4.74.1,2026-03-28 12:20:22,10.4.111.80,Outbound,Denied
192.0.73.2,443,192.0.73.2,10.4.74.1,2026-03-28 12:23:21,10.4.112.47,Outbound,Denied
216.150.1.1,443,216.150.1.1,10.4.74.1,2026-03-28 12:46:41,10.4.111.183,Outbound,Denied
208.95.112.1,80,208.95.112.1,10.4.74.1,2026-03-28 13:05:16,10.4.100.217,Outbound,Denied
208.95.112.1,80,208.95.112.1,10.4.74.1,2026-03-28 13:06:38,10.4.100.50,Outbound,Denied
208.95.112.1,0,208.95.112.1,10.4.74.1,2026-03-28 13:07:11,192.168.103.6,Outbound,Denied
208.95.112.1,80,208.95.112.1,10.4.74.1,2026-03-28 13:24:33,10.4.111.101,Outbound,Denied
192.0.73.2,443,192.0.73.2,10.0.100.1,2026-03-28 13:31:45,192.168.57.116,Outbound,Denied
104.18.87.42,443,104.18.87.42,10.40.42.1,2026-03-28 13:49:19,10.10.2.250,Outbound,deny
216.150.1.1,443,216.150.1.1,10.0.100.1,2026-03-28 14:06:32,192.168.57.64,Outbound,Denied
208.95.112.1,80,208.95.112.1,192.168.64.4,2026-03-28 14:08:28,192.168.63.175,Outbound,Denied
208.95.112.1,80,208.95.112.1,10.40.42.1,2026-03-28 15:02:52,10.10.2.30,Outbound,close
208.95.112.1,80,208.95.112.1,10.4.74.1,2026-03-28 15:11:03,10.4.111.61,Outbound,Denied
208.91.112.55,443,208.91.112.55,10.40.42.1,2026-03-28 15:49:36,10.10.2.1,Outbound,deny
104.26.12.205,443,https://api.ipify.org,10.0.100.1,2026-03-28 16:07:31,192.168.57.19,Outbound,Denied
104.26.13.205,443,https://api.ipify.org,10.0.100.1,2026-03-28 16:17:00,192.168.57.19,Outbound,Denied
208.95.112.1,80,208.95.112.1,10.4.74.1,2026-03-28 17:13:38,10.4.111.102,Outbound,Denied
192.0.73.2,443,192.0.73.2,10.0.100.1,2026-03-28 17:23:26,192.168.57.87,Outbound,Denied
104.18.32.137,443,104.18.32.137,10.4.74.1,2026-03-28 17:36:15,10.4.112.41,Outbound,Denied
192.0.73.2,443,192.0.73.2,192.168.64.4,2026-03-28 17:38:22,192.168.63.96,Outbound,Denied
208.95.112.1,80,208.95.112.1,10.4.74.1,2026-03-28 17:38:27,10.4.112.110,Outbound,Denied
192.0.73.2,443,192.0.73.2,10.0.100.1,2026-03-28 18:01:41,192.168.57.231,Outbound,Denied
104.18.35.23,443,104.18.35.23,10.2.100.95,2026-03-28 18:19:40,10.2.105.211,Outbound,deny
208.91.112.55,53,208.91.112.55,10.40.42.1,2026-03-28 18:21:25,10.40.40.2,Outbound,deny
192.0.73.2,443,192.0.73.2,10.3.101.1,2026-03-28 18:25:09,10.3.230.135,Outbound,deny
208.91.112.55,4118,208.91.112.55,172.16.101.1,2026-03-28 18:31:28,172.16.70.13,Outbound,deny
208.95.112.1,80,208.95.112.1,10.40.42.1,2026-03-28 18:47:04,10.10.1.26,Outbound,close
208.95.112.1,80,208.95.112.1,10.40.42.1,2026-03-28 22:55:19,10.10.2.30,Outbound,close
104.18.32.137,443,104.18.32.137,10.2.100.95,2026-03-28 22:53:52,10.2.101.23,Outbound,deny
104.18.87.42,443,104.18.87.42,10.2.100.95,2026-03-28 22:53:52,10.2.101.23,Outbound,deny
192.0.73.2,443,192.0.73.2,192.168.64.4,2026-03-28 20:08:26,192.168.63.96,Outbound,Denied
208.95.112.1,80,208.95.112.1,10.3.101.1,2026-03-28 21:05:56,10.3.101.211,Outbound,deny
208.95.112.1,80,208.95.112.1,10.4.74.1,2026-03-28 19:07:46,10.4.111.101,Outbound,Denied
104.18.32.137,443,104.18.32.137,10.3.101.1,2026-03-28 20:45:57,10.3.101.135,Outbound,deny
192.0.73.2,443,192.0.73.2,10.3.101.1,2026-03-28 19:51:15,10.3.230.135,Outbound,deny
208.95.112.1,80,208.95.112.1,10.40.42.1,2026-03-28 21:55:22,10.10.2.30,Outbound,pass
208.95.112.1,80,208.95.112.1,10.40.42.1,2026-03-29 05:55:30,10.10.2.30,Outbound,close
104.18.32.137,443,104.18.32.137,10.2.100.95,2026-03-29 04:53:28,10.2.101.23,Outbound,deny
104.18.87.42,443,104.18.87.42,10.2.100.95,2026-03-29 04:53:28,10.2.101.23,Outbound,deny
192.0.73.2,443,192.0.73.2,192.168.64.4,2026-03-29 05:39:57,192.168.63.200,Outbound,Denied
208.91.112.55,53,208.91.112.55,10.40.42.1,2026-03-29 04:37:26,10.10.2.1,Outbound,deny
8.8.8.8,53,ns.srnmicro.net,10.40.42.1,2026-03-29 04:37:26,10.10.2.1,Outbound,redirect
208.91.112.55,443,208.91.112.55,172.16.101.1,2026-03-29 06:04:46,172.16.70.21,Outbound,deny
208.95.112.1,80,208.95.112.1,10.40.42.1,2026-03-29 05:55:17,10.10.2.30,Outbound,pass
208.95.112.1,80,208.95.112.1,192.168.64.4,2026-03-29 08:02:47,192.168.63.107,Outbound,Denied
192.0.73.2,443,192.0.73.2,192.168.64.4,2026-03-29 08:18:19,192.168.63.96,Outbound,Denied
208.91.112.55,443,208.91.112.55,172.16.101.1,2026-03-29 08:31:20,172.16.70.23,Outbound,deny
208.91.112.55,4118,208.91.112.55,172.16.101.1,2026-03-29 08:31:26,172.16.70.13,Outbound,deny
208.91.112.55,443,208.91.112.55,172.16.101.1,2026-03-29 08:31:26,172.16.70.21,Outbound,deny
208.95.112.1,80,208.95.112.1,10.4.74.1,2026-03-29 10:16:18,10.4.112.110,Outbound,Denied
192.0.73.2,443,192.0.73.2,10.2.100.95,2026-03-29 10:27:25,10.2.105.118,Outbound,deny
192.0.73.2,443,192.0.73.2,10.2.100.95,2026-03-29 11:16:55,10.2.100.159,Outbound,deny
192.0.73.2,443,192.0.73.2,10.0.100.1,2026-03-29 11:33:03,192.168.57.117,Outbound,Denied
104.18.87.42,443,104.18.87.42,192.168.64.4,2026-03-29 12:18:27,192.168.63.200,Outbound,Denied
104.18.87.42,443,104.18.87.42,10.3.101.1,2026-03-29 12:19:39,10.3.101.180,Outbound,deny
192.0.73.2,443,192.0.73.2,10.3.101.1,2026-03-29 12:47:29,10.3.230.135,Outbound,deny
104.18.32.137,443,104.18.32.137,10.0.100.1,2026-03-29 12:51:22,192.168.57.116,Outbound,Denied
216.150.1.1,443,216.150.1.1,10.0.100.1,2026-03-29 12:51:53,192.168.57.116,Outbound,Denied
104.18.87.42,443,104.18.87.42,10.40.42.1,2026-03-29 12:56:48,10.10.2.248,Outbound,deny
208.95.112.1,80,208.95.112.1,10.40.42.1,2026-03-29 06:55:24,10.10.2.30,Outbound,pass
208.95.112.1,80,208.95.112.1,10.40.42.1,2026-03-29 13:56:00,10.10.2.30,Outbound,pass
104.18.35.23,443,104.18.35.23,10.2.100.95,2026-03-29 13:19:00,10.2.105.211,Outbound,deny
192.0.73.2,443,192.0.73.2,192.168.64.4,2026-03-29 13:27:00,192.168.63.200,Outbound,Denied
104.18.87.42,443,104.18.87.42,10.3.101.1,2026-03-29 13:35:00,10.3.101.218,Outbound,deny
104.18.32.137,443,104.18.32.137,10.40.42.1,2026-03-29 13:48:00,10.10.2.248,Outbound,deny
208.95.112.1,80,208.95.112.1,10.40.42.1,2026-03-29 13:56:00,10.10.2.30,Outbound,close
208.95.112.1,80,208.95.112.1,10.4.74.1,2026-03-29 14:26:00,10.4.112.192,Outbound,Denied
208.91.112.55,0,208.91.112.55,172.16.101.1,2026-03-29 14:36:00,172.16.70.13,Outbound,deny
208.95.112.1,80,208.95.112.1,192.168.64.4,2026-03-29 15:34:00,192.168.63.73,Outbound,Denied
104.18.87.42,443,104.18.87.42,10.2.100.95,2026-03-29 16:50:00,10.2.100.159,Outbound,deny
104.18.87.42,443,104.18.87.42,10.3.101.1,2026-03-29 17:07:00,10.3.101.138,Outbound,deny
104.18.87.42,443,104.18.87.42,10.4.74.1,2026-03-29 17:17:00,10.4.112.30,Outbound,Denied
104.18.32.137,443,104.18.32.137,10.3.101.1,2026-03-29 17:18:00,10.3.101.138,Outbound,deny
13.248.169.48,443,13.248.169.48,10.2.100.95,2026-03-29 17:34:00,10.2.101.23,Outbound,deny
192.0.73.2,443,192.0.73.2,10.3.101.1,2026-03-29 18:04:00,10.3.230.135,Outbound,deny
192.0.73.2,443,192.0.73.2,192.168.64.4,2026-03-29 18:11:00,192.168.63.96,Outbound,Denied
208.91.112.55,4118,208.91.112.55,172.16.101.1,2026-03-29 18:14:00,172.16.70.13,Outbound,deny
104.18.32.137,443,104.18.32.137,10.2.100.95,2026-03-29 21:46:14,10.2.101.23,Outbound,deny
104.18.87.42,443,104.18.87.42,10.2.100.95,2026-03-29 21:46:14,10.2.101.23,Outbound,deny
208.91.112.55,4118,208.91.112.55,172.16.101.1,2026-03-29 18:31:37,172.16.70.13,Outbound,deny
192.0.73.2,443,192.0.73.2,192.168.64.4,2026-03-29 19:05:43,192.168.63.96,Outbound,Denied
208.91.112.55,443,208.91.112.55,10.40.42.1,2026-03-29 22:26:09,10.10.2.1,Outbound,deny
104.18.87.42,443,104.18.87.42,10.40.42.1,2026-03-29 20:26:38,10.10.1.11,Outbound,deny
208.91.112.55,53,208.91.112.55,10.40.42.1,2026-03-29 19:46:40,10.40.40.2,Outbound,deny
208.95.112.1,80,208.95.112.1,10.3.101.1,2026-03-29 22:12:50,10.3.101.211,Outbound,deny
192.0.73.2,443,192.0.73.2,10.40.42.1,2026-03-29 23:07:11,10.10.2.250,Outbound,deny
104.18.32.137,443,104.18.32.137,10.4.74.1,2026-03-29 21:51:34,10.4.112.47,Outbound,Denied
104.18.87.42,443,104.18.87.42,10.4.74.1,2026-03-29 21:51:34,10.4.112.47,Outbound,Denied
216.150.1.1,443,216.150.1.1,10.4.74.1,2026-03-29 21:51:34,10.4.112.47,Outbound,Denied
192.0.73.2,443,192.0.73.2,10.3.101.1,2026-03-29 20:11:39,10.3.230.135,Outbound,deny
141.193.213.10,443,141.193.213.10,10.0.100.1,2026-03-29 19:54:57,192.168.57.117,Outbound,Denied
208.95.112.1,80,208.95.112.1,10.40.42.1,2026-03-29 20:55:43,10.10.2.30,Outbound,pass
141.193.213.10,443,141.193.213.10,10.0.100.1,2026-03-29 19:57:52,192.168.57.117,Outbound,Allowed
208.95.112.1,80,208.95.112.1,10.40.42.1,2026-03-30 03:56:04,10.10.2.30,Outbound,close
104.18.32.137,443,104.18.32.137,10.2.100.95,2026-03-30 04:55:34,10.2.101.23,Outbound,deny
104.18.87.42,443,104.18.87.42,10.2.100.95,2026-03-30 04:55:34,10.2.101.23,Outbound,deny
104.26.12.205,443,https://api.ipify.org,10.0.100.1,2026-03-30 01:02:04,192.168.57.116,Outbound,Denied
104.26.13.205,443,https://api.ipify.org,10.0.100.1,2026-03-30 01:02:04,192.168.57.116,Outbound,Denied
192.0.73.2,443,192.0.73.2,192.168.64.4,2026-03-30 04:55:14,192.168.63.200,Outbound,Denied
208.91.112.55,53,208.91.112.55,10.40.42.1,2026-03-30 04:37:36,10.10.2.1,Outbound,deny
8.8.8.8,53,ns.srnmicro.net,10.40.42.1,2026-03-30 04:37:36,10.10.2.1,Outbound,redirect
208.95.112.1,80,208.95.112.1,10.40.42.1,2026-03-30 03:55:26,10.10.2.30,Outbound,pass
192.0.73.2,443,192.0.73.2,192.168.64.4,2026-03-30 06:48:53,192.168.63.96,Outbound,Denied
208.91.112.55,4118,208.91.112.55,172.16.101.1,2026-03-30 08:31:01,172.16.70.13,Outbound,deny
208.91.112.55,443,208.91.112.55,172.16.101.1,2026-03-30 08:31:05,172.16.70.21,Outbound,deny
208.91.112.55,443,208.91.112.55,172.16.101.1,2026-03-30 08:31:05,172.16.70.23,Outbound,deny
192.0.73.2,443,192.0.73.2,10.40.42.1,2026-03-30 08:38:33,10.10.1.35,Outbound,deny
104.18.87.42,443,104.18.87.42,10.40.42.1,2026-03-30 08:46:57,10.10.1.14,Outbound,deny
216.150.1.1,443,216.150.1.1,10.40.42.1,2026-03-30 09:06:42,10.10.2.52,Outbound,deny
104.18.87.42,443,104.18.87.42,10.3.101.1,2026-03-30 09:10:45,10.3.101.144,Outbound,deny
104.18.87.42,443,104.18.87.42,10.3.101.1,2026-03-30 09:15:50,10.3.101.135,Outbound,deny
208.95.112.1,80,208.95.112.1,192.168.64.4,2026-03-30 09:23:33,192.168.63.154,Outbound,Denied
192.0.73.2,443,192.0.73.2,10.0.100.1,2026-03-30 09:25:14,192.168.57.99,Outbound,Denied
104.18.87.42,443,104.18.87.42,10.2.100.95,2026-03-30 09:28:23,10.2.101.175,Outbound,deny
104.18.87.42,443,104.18.87.42,X33021M4TVT6KE4,2026-03-30 09:30:41,10.6.96.199,Outbound,Drop
208.91.112.55,53,208.91.112.55,10.40.42.1,2026-03-30 09:31:46,10.40.40.2,Outbound,deny
104.18.87.42,443,104.18.87.42,10.3.101.1,2026-03-30 09:33:23,10.3.101.147,Outbound,deny
208.95.112.1,80,208.95.112.1,10.40.42.1,2026-03-30 09:33:51,10.10.1.25,Outbound,close
208.95.112.1,80,208.95.112.1,192.168.64.4,2026-03-30 09:34:40,192.168.63.161,Outbound,Denied
208.95.112.1,80,208.95.112.1,10.4.74.1,2026-03-30 09:35:56,10.4.112.183,Outbound,Denied
104.26.12.205,443,https://api.ipify.org,10.0.100.1,2026-03-30 09:37:07,192.168.57.161,Outbound,Denied
192.0.73.2,443,192.0.73.2,10.0.100.1,2026-03-30 09:37:10,192.168.57.87,Outbound,Denied
104.18.32.137,443,104.18.32.137,10.3.101.1,2026-03-30 09:37:55,10.3.101.160,Outbound,deny
208.95.112.1,80,208.95.112.1,192.168.64.4,2026-03-30 09:39:16,192.168.63.25,Outbound,Denied
104.18.87.42,443,104.18.87.42,X33021M4TVT6KE4,2026-03-30 09:39:40,10.6.96.185,Outbound,Drop
104.18.32.137,443,104.18.32.137,X33021M4TVT6KE4,2026-03-30 09:39:42,10.6.96.185,Outbound,Drop
192.0.73.2,443,192.0.73.2,10.4.74.1,2026-03-30 09:43:49,10.4.100.217,Outbound,Denied
208.95.112.1,80,208.95.112.1,10.4.74.1,2026-03-30 09:45:08,10.4.113.250,Outbound,Denied
104.18.87.42,443,104.18.87.42,10.3.101.1,2026-03-30 09:45:33,10.3.101.122,Outbound,deny
208.95.112.1,80,208.95.112.1,192.168.64.4,2026-03-30 09:47:51,192.168.63.126,Outbound,Denied
208.95.112.1,80,208.95.112.1,10.4.74.1,2026-03-30 09:50:52,10.4.112.43,Outbound,Denied
208.95.112.1,80,208.95.112.1,192.168.64.4,2026-03-30 09:51:04,192.168.63.125,Outbound,Denied
104.18.35.23,443,104.18.35.23,10.2.100.95,2026-03-30 09:51:38,10.2.105.139,Outbound,deny
208.95.112.1,80,208.95.112.1,192.168.64.4,2026-03-30 09:52:16,192.168.63.102,Outbound,Denied
208.95.112.1,80,208.95.112.1,192.168.64.4,2026-03-30 09:54:39,192.168.63.163,Outbound,Denied
208.95.112.1,80,208.95.112.1,192.168.64.4,2026-03-30 09:54:46,192.168.63.145,Outbound,Denied
208.95.112.1,80,208.95.112.1,10.4.74.1,2026-03-30 09:55:57,10.4.113.81,Outbound,Denied
104.18.87.42,443,104.18.87.42,10.40.42.1,2026-03-30 09:56:20,10.10.2.50,Outbound,deny
192.0.73.2,443,192.0.73.2,10.2.100.95,2026-03-30 09:57:43,10.2.100.3,Outbound,deny
208.95.112.1,80,208.95.112.1,192.168.64.4,2026-03-30 09:59:07,192.168.63.178,Outbound,Denied
208.95.112.1,80,208.95.112.1,192.168.64.4,2026-03-30 10:00:00,192.168.63.175,Outbound,Denied
104.18.87.42,443,104.18.87.42,10.2.100.95,2026-03-30 10:01:21,10.2.100.159,Outbound,deny
208.95.112.1,80,208.95.112.1,192.168.64.4,2026-03-30 10:02:09,192.168.63.230,Outbound,Denied
208.95.112.1,80,208.95.112.1,192.168.64.4,2026-03-30 10:03:18,192.168.63.74,Outbound,Denied
208.95.112.1,80,208.95.112.1,10.4.74.1,2026-03-30 10:04:28,10.4.112.194,Outbound,Denied
208.95.112.1,80,208.95.112.1,192.168.64.4,2026-03-30 10:05:21,192.168.63.220,Outbound,Denied
208.95.112.1,80,208.95.112.1,192.168.64.4,2026-03-30 10:05:57,192.168.63.73,Outbound,Denied
192.0.73.2,443,192.0.73.2,10.2.100.95,2026-03-30 10:07:07,10.2.101.182,Outbound,deny
104.18.35.23,443,104.18.35.23,10.0.100.1,2026-03-30 10:07:28,172.16.28.205,Outbound,Denied
104.18.87.42,443,104.18.87.42,10.3.101.1,2026-03-30 10:11:40,10.3.101.203,Outbound,deny
208.95.112.1,80,208.95.112.1,192.168.64.4,2026-03-30 10:12:40,192.168.63.111,Outbound,Denied
192.0.73.2,443,192.0.73.2,192.168.64.4,2026-03-30 10:13:53,192.168.63.111,Outbound,Denied
104.18.35.23,443,104.18.35.23,10.4.74.1,2026-03-30 10:17:33,10.4.100.129,Outbound,Denied
104.18.87.42,443,104.18.87.42,10.40.42.1,2026-03-30 10:18:03,10.10.3.20,Outbound,deny
208.95.112.1,80,208.95.112.1,192.168.64.4,2026-03-30 10:19:07,192.168.63.197,Outbound,Denied
104.18.87.42,443,104.18.87.42,10.40.42.1,2026-03-30 10:19:11,10.10.1.22,Outbound,deny
192.0.73.2,443,192.0.73.2,192.168.64.4,2026-03-30 10:20:58,192.168.63.102,Outbound,Denied
192.0.73.2,443,192.0.73.2,10.2.100.95,2026-03-30 10:24:25,10.2.100.139,Outbound,deny
104.18.32.137,443,104.18.32.137,192.168.64.4,2026-03-30 10:26:50,192.168.63.99,Outbound,Denied
104.18.87.42,443,104.18.87.42,192.168.64.4,2026-03-30 10:27:05,192.168.63.99,Outbound,Denied
104.26.12.205,443,https://api.ipify.org,10.0.100.1,2026-03-30 10:37:41,192.168.57.46,Outbound,Denied
104.18.87.42,443,104.18.87.42,10.3.101.1,2026-03-30 10:38:12,10.3.101.198,Outbound,deny
104.18.35.23,443,104.18.35.23,10.4.74.1,2026-03-30 10:38:24,10.4.112.114,Outbound,Denied
208.95.112.1,80,208.95.112.1,10.4.74.1,2026-03-30 10:39:49,10.4.112.110,Outbound,Denied
104.18.87.42,443,104.18.87.42,10.3.101.1,2026-03-30 10:43:10,10.3.101.223,Outbound,deny
128.1.157.229,443,128.1.157.229,10.0.100.1,2026-03-30 10:45:07,172.16.28.232,Outbound,Denied
104.18.35.23,443,104.18.35.23,10.2.100.95,2026-03-30 10:52:23,10.2.105.173,Outbound,deny
104.18.32.137,443,104.18.32.137,10.3.101.1,2026-03-30 10:59:38,10.3.101.211,Outbound,deny
104.18.32.137,443,104.18.32.137,X33021M4TVT6KE4,2026-03-30 11:02:04,10.6.96.124,Outbound,Drop
192.0.73.2,443,192.0.73.2,X33021M4TVT6KE4,2026-03-30 11:05:41,10.6.96.186,Outbound,Drop
104.18.32.137,443,104.18.32.137,10.4.74.1,2026-03-30 11:07:04,10.4.100.50,Outbound,Denied
104.18.87.42,443,104.18.87.42,10.40.42.1,2026-03-30 11:07:56,10.10.1.27,Outbound,deny
104.18.87.42,443,104.18.87.42,192.168.64.4,2026-03-30 11:09:57,192.168.63.125,Outbound,Denied
208.95.112.1,80,208.95.112.1,10.3.101.1,2026-03-30 11:11:22,10.3.101.67,Outbound,deny
208.95.112.1,80,208.95.112.1,10.4.74.1,2026-03-30 11:11:25,10.4.112.120,Outbound,Denied
104.18.32.137,443,104.18.32.137,10.0.100.1,2026-03-30 11:14:56,192.168.57.52,Outbound,Denied
104.18.87.42,443,104.18.87.42,10.3.101.1,2026-03-30 11:15:39,10.3.101.215,Outbound,deny
208.95.112.1,80,208.95.112.1,10.3.101.1,2026-03-30 11:19:45,10.3.101.144,Outbound,deny
76.76.21.21,443,76.76.21.21,10.2.100.95,2026-03-30 11:33:48,10.2.100.164,Outbound,deny
208.95.112.1,80,208.95.112.1,10.40.42.1,2026-03-30 11:35:31,10.10.3.5,Outbound,deny
192.0.73.2,443,192.0.73.2,192.168.64.4,2026-03-30 11:47:28,192.168.62.125,Outbound,Denied
208.95.112.1,80,208.95.112.1,192.168.64.4,2026-03-30 11:50:56,192.168.63.199,Outbound,Denied
104.18.87.42,443,104.18.87.42,10.2.100.95,2026-03-30 11:52:13,10.2.100.199,Outbound,deny
104.18.32.137,443,104.18.32.137,10.40.42.1,2026-03-30 11:52:39,10.10.1.14,Outbound,deny
104.18.87.42,443,104.18.87.42,X33021M4TVT6KE4,2026-03-30 11:52:47,10.6.96.170,Outbound,Drop
104.18.32.137,443,104.18.32.137,10.2.100.95,2026-03-30 11:54:05,10.2.100.199,Outbound,deny
192.0.73.2,443,192.0.73.2,10.3.101.1,2026-03-30 11:56:06,10.3.230.135,Outbound,deny
192.0.73.2,443,192.0.73.2,10.3.101.1,2026-03-30 11:57:52,10.3.101.191,Outbound,deny
104.18.87.42,443,104.18.87.42,10.40.42.1,2026-03-30 11:59:05,10.10.1.146,Outbound,deny
104.18.35.23,443,104.18.35.23,10.2.100.95,2026-03-30 11:59:48,10.2.105.220,Outbound,deny
192.0.73.2,443,192.0.73.2,192.168.64.4,2026-03-30 11:59:53,192.168.63.145,Outbound,Denied
192.0.73.2,443,192.0.73.2,10.4.74.1,2026-03-30 12:01:15,10.4.112.111,Outbound,Denied
208.95.112.1,80,208.95.112.1,10.40.42.1,2026-03-30 12:07:03,10.10.2.20,Outbound,deny
208.95.112.1,80,208.95.112.1,10.40.42.1,2026-03-30 12:08:23,10.10.1.8,Outbound,deny
192.0.73.2,443,192.0.73.2,X33021M4TVT6KE4,2026-03-30 12:10:56,10.6.96.144,Outbound,Drop
104.18.87.42,443,104.18.87.42,X33021M4TVT6KE4,2026-03-30 12:10:56,10.6.96.184,Outbound,Drop
104.18.87.42,443,104.18.87.42,10.2.100.95,2026-03-30 12:15:41,10.2.100.121,Outbound,deny
104.18.32.137,443,104.18.32.137,192.168.64.4,2026-03-30 12:18:50,192.168.63.145,Outbound,Denied
141.193.213.10,443,141.193.213.10,X33021M4TVT6KE4,2026-03-30 12:25:18,10.6.96.184,Outbound,Drop
208.95.112.1,80,208.95.112.1,10.40.42.1,2026-03-30 12:27:15,10.10.3.1,Outbound,deny
104.18.32.137,443,104.18.32.137,10.2.100.95,2026-03-30 12:28:55,10.2.100.130,Outbound,deny
192.0.73.2,443,192.0.73.2,10.2.100.95,2026-03-30 12:36:53,10.2.100.130,Outbound,deny
104.18.87.42,443,104.18.87.42,10.3.101.1,2026-03-30 12:37:09,10.3.101.211,Outbound,deny
192.0.73.2,443,192.0.73.2,10.4.74.1,2026-03-30 12:37:15,10.4.113.81,Outbound,Denied
104.18.32.137,443,104.18.32.137,X33021M4TVT6KE4,2026-03-30 12:38:34,10.6.96.184,Outbound,Drop
192.0.73.2,443,192.0.73.2,X33021M4TVT6KE4,2026-03-30 12:38:36,10.6.96.181,Outbound,Drop
192.0.73.2,443,192.0.73.2,10.3.101.1,2026-03-30 12:49:07,10.3.101.153,Outbound,deny
76.76.21.61,443,76.76.21.61,10.2.100.95,2026-03-30 12:59:44,10.2.100.130,Outbound,deny
208.95.112.1,80,208.95.112.1,10.40.42.1,2026-03-30 09:38:35,10.10.1.25,Outbound,pass
198.49.23.144,443,198.49.23.144,10.0.100.1,2026-03-30 11:15:53,192.168.57.172,Outbound,Allowed
174.137.133.49,443,174.137.133.49,10.40.42.1,2026-03-30 17:16:00,10.10.1.27,Outbound,pass
174.137.133.49,443,174.137.133.49,10.2.100.95,2026-03-30 17:26:00,10.2.100.144,Outbound,accept
82.145.213.8,443,82.145.213.8,10.40.42.1,2026-03-30 17:31:00,10.10.2.138,Outbound,pass
82.145.213.8,443,82.145.213.8,NLDC_DC_FTD,2026-03-30 17:35:00,10.5.50.46,Outbound,Allow
82.145.213.8,443,82.145.213.8,10.2.100.95,2026-03-30 17:46:00,10.2.100.159,Outbound,passthrough
82.145.213.8,443,82.145.213.8,10.2.100.95,2026-03-30 17:49:00,10.2.100.164,Outbound,passthrough
208.95.112.1,80,208.95.112.1,10.40.42.1,2026-03-30 13:05:00,10.10.2.20,Outbound,deny
104.18.35.23,443,104.18.35.23,10.2.100.95,2026-03-30 13:09:00,10.2.105.221,Outbound,deny
104.18.87.42,443,104.18.87.42,10.2.100.95,2026-03-30 13:21:00,10.2.101.177,Outbound,deny
104.18.32.137,443,104.18.32.137,10.2.100.95,2026-03-30 13:21:00,10.2.101.177,Outbound,deny
104.18.87.42,443,104.18.87.42,10.3.101.1,2026-03-30 13:24:00,10.3.101.135,Outbound,deny
104.18.35.23,443,104.18.35.23,10.0.100.1,2026-03-30 13:29:00,172.16.28.232,Outbound,Denied
104.18.32.137,443,104.18.32.137,10.3.101.1,2026-03-30 13:38:00,10.3.101.128,Outbound,deny
208.95.112.1,80,208.95.112.1,192.168.64.4,2026-03-30 13:49:00,192.168.63.169,Outbound,Denied
104.18.35.23,443,104.18.35.23,10.4.74.1,2026-03-30 13:58:00,10.4.100.129,Outbound,Denied
192.0.73.2,443,192.0.73.2,192.168.64.4,2026-03-30 13:58:00,192.168.63.169,Outbound,Denied
104.18.87.42,443,104.18.87.42,X33021M4TVT6KE4,2026-03-30 14:11:00,10.6.96.171,Outbound,Drop
216.198.79.195,443,216.198.79.195,X33021M4TVT6KE4,2026-03-30 14:13:00,10.6.96.171,Outbound,Drop
104.18.87.42,443,104.18.87.42,10.3.101.1,2026-03-30 14:17:00,10.3.101.180,Outbound,deny
104.18.87.42,443,104.18.87.42,X33021M4TVT6KE4,2026-03-30 14:18:00,10.6.96.123,Outbound,Drop
192.0.73.2,443,192.0.73.2,X33021M4TVT6KE4,2026-03-30 14:35:00,10.6.96.144,Outbound,Drop
104.18.32.137,443,104.18.32.137,X33021M4TVT6KE4,2026-03-30 14:47:00,10.6.96.178,Outbound,Drop
76.76.21.61,443,76.76.21.61,10.2.100.95,2026-03-30 14:47:00,10.2.100.130,Outbound,deny
208.95.112.1,80,208.95.112.1,10.40.42.1,2026-03-30 14:52:00,10.10.1.8,Outbound,deny
141.193.213.10,443,141.193.213.10,10.2.100.95,2026-03-30 14:53:00,10.2.100.130,Outbound,deny
192.0.73.2,443,192.0.73.2,X33021M4TVT6KE4,2026-03-30 14:54:00,10.6.96.169,Outbound,Drop
141.193.213.10,80,141.193.213.10,10.2.100.95,2026-03-30 14:54:00,10.2.100.130,Outbound,deny
104.18.87.42,443,104.18.87.42,10.4.74.1,2026-03-30 14:56:00,10.4.100.90,Outbound,Denied
192.0.73.2,443,192.0.73.2,10.3.101.1,2026-03-30 14:57:00,10.3.101.175,Outbound,deny
104.18.87.42,443,104.18.87.42,10.3.101.1,2026-03-30 14:58:00,10.3.101.215,Outbound,deny
192.0.73.2,443,192.0.73.2,10.3.101.1,2026-03-30 15:07:00,10.3.101.191,Outbound,deny
208.95.112.1,80,208.95.112.1,192.168.64.4,2026-03-30 15:09:00,192.168.63.181,Outbound,Denied
104.18.87.42,443,104.18.87.42,X33021M4TVT6KE4,2026-03-30 15:12:00,10.6.96.185,Outbound,Drop
104.18.32.137,443,104.18.32.137,X33021M4TVT6KE4,2026-03-30 15:14:00,10.6.96.185,Outbound,Drop
104.18.87.42,443,104.18.87.42,10.40.42.1,2026-03-30 15:14:00,10.10.3.153,Outbound,deny
192.0.73.2,443,192.0.73.2,10.2.100.95,2026-03-30 15:15:00,10.2.105.189,Outbound,deny
192.0.73.2,443,192.0.73.2,10.3.101.1,2026-03-30 15:21:00,10.3.230.62,Outbound,deny
76.76.21.21,443,76.76.21.21,10.0.100.1,2026-03-30 15:24:00,192.168.57.9,Outbound,Denied
104.18.32.137,443,104.18.32.137,192.168.64.4,2026-03-30 15:25:00,192.168.63.200,Outbound,Denied
104.18.87.42,443,104.18.87.42,192.168.64.4,2026-03-30 15:26:00,192.168.63.200,Outbound,Denied
192.0.73.2,443,192.0.73.2,X33021M4TVT6KE4,2026-03-30 15:27:00,10.6.96.121,Outbound,Drop
76.76.21.21,443,76.76.21.21,10.0.100.1,2026-03-30 15:29:00,172.16.28.232,Outbound,Denied
216.150.1.1,443,216.150.1.1,192.168.64.4,2026-03-30 15:36:00,192.168.63.102,Outbound,Denied
104.18.87.42,443,104.18.87.42,10.3.101.1,2026-03-30 15:37:00,10.3.101.223,Outbound,deny
192.0.73.2,443,192.0.73.2,10.2.100.95,2026-03-30 15:37:00,10.2.100.130,Outbound,deny
104.18.87.42,443,104.18.87.42,10.0.100.1,2026-03-30 15:38:00,192.168.57.127,Outbound,Denied
104.18.87.42,443,104.18.87.42,10.4.74.1,2026-03-30 15:39:00,10.4.112.41,Outbound,Denied
104.18.32.137,443,104.18.32.137,10.4.74.1,2026-03-30 15:39:00,10.4.112.41,Outbound,Denied
208.91.112.55,443,208.91.112.55,10.40.42.1,2026-03-30 15:41:00,10.10.2.4,Outbound,deny
192.0.73.2,443,192.0.73.2,10.4.74.1,2026-03-30 15:42:00,10.4.113.81,Outbound,Denied
104.26.12.205,443,https://api.ipify.org,10.0.100.1,2026-03-30 15:47:00,192.168.57.127,Outbound,Denied
104.18.32.137,443,104.18.32.137,10.0.100.1,2026-03-30 15:47:00,192.168.57.127,Outbound,Denied
104.18.32.137,443,104.18.32.137,10.40.42.1,2026-03-30 15:47:00,10.10.3.153,Outbound,deny
104.18.35.23,443,104.18.35.23,10.2.100.95,2026-03-30 15:50:00,10.2.105.173,Outbound,deny
208.95.112.1,0,208.95.112.1,10.4.74.1,2026-03-30 15:51:00,192.168.103.6,Outbound,Denied
192.0.73.2,443,192.0.73.2,10.0.100.1,2026-03-30 15:51:00,172.16.28.239,Outbound,Denied
104.18.87.42,443,104.18.87.42,10.3.101.1,2026-03-30 15:56:00,10.3.101.128,Outbound,deny
192.0.73.2,443,192.0.73.2,10.0.100.1,2026-03-30 16:09:00,192.168.57.22,Outbound,Denied
104.18.87.42,443,104.18.87.42,10.0.100.1,2026-03-30 16:15:00,192.168.57.171,Outbound,Denied
104.18.87.42,443,104.18.87.42,X33021M4TVT6KE4,2026-03-30 16:22:00,10.6.96.167,Outbound,Drop
104.18.32.137,443,104.18.32.137,X33021M4TVT6KE4,2026-03-30 16:22:00,10.6.96.167,Outbound,Drop
104.18.87.42,443,104.18.87.42,10.3.101.1,2026-03-30 16:24:00,10.3.101.106,Outbound,deny
104.18.32.137,443,104.18.32.137,10.4.74.1,2026-03-30 16:29:00,10.4.112.110,Outbound,Denied
104.18.87.42,443,104.18.87.42,10.2.100.95,2026-03-30 16:35:00,10.2.100.121,Outbound,deny
104.18.32.137,443,104.18.32.137,10.3.101.1,2026-03-30 16:38:00,10.3.101.106,Outbound,deny
192.0.73.2,443,192.0.73.2,X33021M4TVT6KE4,2026-03-30 16:38:00,10.6.96.170,Outbound,Drop
104.18.87.42,443,104.18.87.42,10.2.100.95,2026-03-30 16:39:00,10.2.100.130,Outbound,deny
104.18.87.42,443,104.18.87.42,10.40.42.1,2026-03-30 16:49:00,10.10.1.4,Outbound,deny
104.18.87.42,443,104.18.87.42,10.0.100.1,2026-03-30 16:50:00,172.16.28.106,Outbound,Denied
216.150.1.1,443,216.150.1.1,10.0.100.1,2026-03-30 16:53:00,192.168.57.34,Outbound,Denied
104.18.87.42,443,104.18.87.42,10.2.100.95,2026-03-30 16:56:00,10.2.100.199,Outbound,deny
104.18.87.42,443,104.18.87.42,X33021M4TVT6KE4,2026-03-30 16:56:00,10.6.96.155,Outbound,Drop
208.95.112.1,80,208.95.112.1,10.40.42.1,2026-03-30 16:57:00,10.10.1.26,Outbound,deny
208.95.112.1,80,208.95.112.1,10.40.42.1,2026-03-30 16:59:00,10.10.2.30,Outbound,deny
141.193.213.10,443,141.193.213.10,X33021M4TVT6KE4,2026-03-30 17:01:00,10.6.96.122,Outbound,Drop
192.0.73.2,443,192.0.73.2,10.3.101.1,2026-03-30 17:05:00,10.3.230.135,Outbound,deny
216.150.1.1,443,216.150.1.1,10.4.74.1,2026-03-30 17:09:00,10.4.112.110,Outbound,Denied
174.137.133.49,443,174.137.133.49,10.3.101.1,2026-03-30 17:13:00,10.3.101.113,Outbound,deny
104.18.32.137,443,104.18.32.137,10.3.101.1,2026-03-30 17:16:00,10.3.101.175,Outbound,deny
104.18.32.137,443,104.18.32.137,X33021M4TVT6KE4,2026-03-30 17:18:00,10.6.96.155,Outbound,Drop
104.18.32.137,443,104.18.32.137,10.2.100.95,2026-03-30 17:19:00,10.2.100.130,Outbound,deny
104.18.32.137,443,104.18.32.137,10.4.74.1,2026-03-30 17:24:00,10.4.111.118,Outbound,Denied
174.137.133.49,443,174.137.133.49,10.3.101.1,2026-03-30 17:25:00,10.3.101.132,Outbound,deny
174.137.133.49,443,174.137.133.49,10.2.100.95,2026-03-30 17:26:00,10.2.100.144,Outbound,server-rst
192.0.73.2,443,192.0.73.2,192.168.64.4,2026-03-30 17:29:00,192.168.62.125,Outbound,Denied
104.18.32.137,443,104.18.32.137,10.2.100.95,2026-03-30 17:31:00,10.2.100.199,Outbound,deny
208.95.112.1,80,208.95.112.1,10.40.42.1,2026-03-30 17:31:00,10.10.2.19,Outbound,deny
82.145.213.8,443,82.145.213.8,10.4.74.1,2026-03-30 17:33:00,10.4.100.90,Outbound,Denied
208.95.112.1,80,208.95.112.1,192.168.64.4,2026-03-30 17:36:00,192.168.63.30,Outbound,Denied
104.18.32.137,443,104.18.32.137,10.2.100.95,2026-03-30 17:36:00,10.2.100.159,Outbound,deny
192.0.73.2,443,192.0.73.2,X33021M4TVT6KE4,2026-03-30 17:37:00,10.6.96.154,Outbound,Drop
104.18.35.23,443,104.18.35.23,10.4.74.1,2026-03-30 17:37:00,10.4.111.78,Outbound,Denied
104.18.35.23,443,104.18.35.23,10.4.74.1,2026-03-30 17:37:00,10.4.100.135,Outbound,Denied
104.18.32.137,443,104.18.32.137,10.4.74.1,2026-03-30 17:40:00,10.4.111.146,Outbound,Denied
82.145.213.8,443,82.145.213.8,10.4.74.1,2026-03-30 17:41:00,10.4.100.84,Outbound,Denied
208.91.112.55,53,208.91.112.55,10.40.42.1,2026-03-30 17:42:00,10.40.40.2,Outbound,deny
208.95.112.1,80,208.95.112.1,10.40.42.1,2026-03-30 17:42:00,10.10.1.5,Outbound,deny
82.145.213.8,443,82.145.213.8,10.2.100.95,2026-03-30 17:54:00,10.2.100.159,Outbound,client-rst
141.193.213.10,443,141.193.213.10,X33021M4TVT6KE4,2026-03-30 17:55:00,10.6.96.184,Outbound,Drop
104.18.87.42,443,104.18.87.42,10.0.100.1,2026-03-30 17:58:00,172.16.28.240,Outbound,Denied
192.0.73.2,443,192.0.73.2,10.4.74.1,2026-03-30 17:59:00,10.4.112.111,Outbound,Denied
208.95.112.1,80,208.95.112.1,192.168.64.4,2026-03-30 17:59:00,192.168.63.154,Outbound,Denied
104.18.87.42,443,104.18.87.42,10.2.100.95,2026-03-30 17:59:00,10.2.100.159,Outbound,deny
192.0.73.2,443,192.0.73.2,10.40.42.1,2026-03-30 17:59:00,10.10.1.35,Outbound,deny
208.95.112.1,80,208.95.112.1,10.40.42.1,2026-03-30 17:59:00,10.10.1.25,Outbound,deny
172.105.48.213,443,pro.ip-api.com,NLDC_DC_FTD,2026-03-30 19:25:00,10.5.50.154,Outbound,Allow
82.145.213.8,443,82.145.213.8,NLDC_DC_FTD,2026-03-30 19:37:00,10.5.50.154,Outbound,Allow
82.145.213.8,443,82.145.213.8,10.3.101.1,2026-03-30 18:05:00,10.3.101.68,Outbound,deny
208.95.112.1,80,208.95.112.1,192.168.64.4,2026-03-30 18:06:00,192.168.63.74,Outbound,Denied
104.18.87.42,443,104.18.87.42,10.4.74.1,2026-03-30 18:06:00,10.4.111.146,Outbound,Denied
208.95.112.1,80,208.95.112.1,192.168.64.4,2026-03-30 18:07:00,192.168.63.25,Outbound,Denied
104.18.87.42,443,104.18.87.42,10.0.100.1,2026-03-30 18:07:00,192.168.57.48,Outbound,Denied
104.18.32.137,443,104.18.32.137,10.0.100.1,2026-03-30 18:08:00,192.168.57.48,Outbound,Denied
208.95.112.1,80,208.95.112.1,192.168.64.4,2026-03-30 18:09:00,192.168.63.154,Outbound,Denied
13.248.169.48,443,13.248.169.48,192.168.64.4,2026-03-30 18:15:00,192.168.63.175,Outbound,Denied
208.95.112.1,80,208.95.112.1,10.3.101.1,2026-03-30 18:16:00,10.3.101.211,Outbound,deny
208.95.112.1,80,208.95.112.1,192.168.64.4,2026-03-30 18:16:00,192.168.63.178,Outbound,Denied
208.95.112.1,80,208.95.112.1,10.4.74.1,2026-03-30 18:17:00,10.4.112.43,Outbound,Denied
208.95.112.1,80,208.95.112.1,10.4.74.1,2026-03-30 18:21:00,10.4.112.111,Outbound,Denied
192.0.73.2,443,192.0.73.2,10.4.74.1,2026-03-30 18:22:00,10.4.113.81,Outbound,Denied
104.18.87.42,443,104.18.87.42,10.2.100.95,2026-03-30 18:28:00,10.2.101.179,Outbound,deny
104.18.32.137,443,104.18.32.137,10.4.74.1,2026-03-30 18:28:00,10.4.111.146,Outbound,Denied
13.248.169.48,80,13.248.169.48,192.168.64.4,2026-03-30 18:29:00,192.168.63.175,Outbound,Denied
104.18.32.137,443,104.18.32.137,192.168.64.4,2026-03-30 18:29:00,192.168.63.175,Outbound,Denied
208.95.112.1,80,208.95.112.1,192.168.64.4,2026-03-30 18:29:00,192.168.63.169,Outbound,Denied
82.145.213.8,443,82.145.213.8,10.4.74.1,2026-03-30 18:29:00,10.4.100.50,Outbound,Denied
104.18.87.42,443,104.18.87.42,10.4.74.1,2026-03-30 18:29:00,10.4.100.50,Outbound,Denied
208.95.112.1,80,208.95.112.1,10.4.74.1,2026-03-30 18:29:00,10.4.113.81,Outbound,Denied
208.91.112.55,4118,208.91.112.55,172.16.101.1,2026-03-30 18:30:00,172.16.70.13,Outbound,deny
208.95.112.1,80,208.95.112.1,10.40.42.1,2026-03-30 18:32:00,10.10.3.5,Outbound,deny
208.95.112.1,80,208.95.112.1,192.168.64.4,2026-03-30 18:32:00,192.168.63.175,Outbound,Denied
208.95.112.1,80,208.95.112.1,10.4.74.1,2026-03-30 18:33:00,10.4.112.112,Outbound,Denied
208.95.112.1,80,208.95.112.1,192.168.64.4,2026-03-30 18:36:00,192.168.63.111,Outbound,Denied
208.95.112.1,80,208.95.112.1,192.168.64.4,2026-03-30 18:36:00,192.168.63.102,Outbound,Denied
208.95.112.1,80,208.95.112.1,10.4.74.1,2026-03-30 18:38:00,10.4.112.194,Outbound,Denied
192.0.73.2,443,192.0.73.2,192.168.64.4,2026-03-30 18:39:00,192.168.63.200,Outbound,Denied
208.95.112.1,80,208.95.112.1,10.4.74.1,2026-03-30 18:45:00,10.4.112.183,Outbound,Denied
208.95.112.1,80,208.95.112.1,192.168.64.4,2026-03-30 18:51:00,192.168.63.230,Outbound,Denied
104.18.32.137,443,104.18.32.137,10.2.100.95,2026-03-30 18:56:00,10.2.101.177,Outbound,deny
208.95.112.1,80,208.95.112.1,192.168.64.4,2026-03-30 19:01:00,192.168.63.73,Outbound,Denied
208.95.112.1,80,208.95.112.1,192.168.64.4,2026-03-30 19:04:00,192.168.63.163,Outbound,Denied
208.95.112.1,80,208.95.112.1,10.4.74.1,2026-03-30 19:06:00,10.4.74.53,Outbound,Denied
208.95.112.1,80,208.95.112.1,10.4.74.1,2026-03-30 19:17:00,10.4.111.61,Outbound,Denied
208.95.112.1,80,208.95.112.1,192.168.64.4,2026-03-30 19:18:00,192.168.63.161,Outbound,Denied
208.95.112.1,80,208.95.112.1,10.4.74.1,2026-03-30 19:35:00,10.4.111.101,Outbound,Denied
192.0.73.2,443,192.0.73.2,10.4.74.1,2026-03-30 19:52:00,10.4.112.110,Outbound,Denied
104.18.32.137,443,104.18.32.137,10.0.100.1,2026-03-30 19:55:00,192.168.57.8,Outbound,Denied
208.95.112.1,80,208.95.112.1,192.168.64.4,2026-03-30 20:00:00,192.168.63.181,Outbound,Denied
172.67.74.152,443,https://api.ipify.org,10.0.100.1,2026-03-30 20:03:00,192.168.57.8,Outbound,Denied
76.76.21.21,443,76.76.21.21,10.4.74.1,2026-03-30 20:29:00,10.4.112.110,Outbound,Denied
208.95.112.1,80,208.95.112.1,10.4.74.1,2026-03-30 20:34:00,10.4.112.110,Outbound,Denied
208.95.112.1,80,208.95.112.1,10.4.74.1,2026-03-30 20:38:00,10.4.113.250,Outbound,Denied
208.95.112.1,80,208.95.112.1,192.168.64.4,2026-03-30 21:51:00,192.168.63.108,Outbound,Denied
208.95.112.1,80,208.95.112.1,192.168.64.4,2026-03-30 22:07:00,192.168.63.199,Outbound,Denied
82.145.213.8,443,82.145.213.8,10.4.74.1,2026-03-30 22:45:00,10.4.100.190,Outbound,Denied
192.0.73.2,443,192.0.73.2,10.3.101.1,2026-03-30 22:49:00,10.3.230.135,Outbound,deny
104.26.12.205,443,https://api.ipify.org,10.0.100.1,2026-03-30 22:58:00,192.168.57.116,Outbound,Denied
82.145.213.8,443,82.145.213.8,10.0.100.1,2026-03-30 23:17:00,192.168.57.116,Outbound,Denied
208.95.112.1,80,208.95.112.1,10.40.42.1,2026-03-30 23:56:00,10.10.2.30,Outbound,deny
82.145.213.8,443,82.145.213.8,10.0.100.1,2026-03-31 00:42:00,192.168.57.116,Outbound,Denied
104.18.35.23,443,104.18.35.23,10.2.100.95,2026-03-31 02:15:00,10.2.105.211,Outbound,deny
192.0.73.2,443,192.0.73.2,10.3.101.1,2026-03-31 03:06:00,10.3.230.135,Outbound,deny
208.95.112.1,80,208.95.112.1,10.40.42.1,2026-03-31 06:55:59,10.10.2.30,Outbound,deny
192.0.73.2,443,192.0.73.2,10.4.74.1,2026-03-31 07:02:04,10.4.112.44,Outbound,Denied
208.95.112.1,80,208.95.112.1,10.4.74.1,2026-03-31 08:23:24,10.4.112.194,Outbound,Denied
141.193.213.10,443,141.193.213.10,10.2.100.95,2026-03-31 08:25:56,10.2.100.58,Outbound,deny
208.91.112.55,443,208.91.112.55,172.16.101.1,2026-03-31 08:31:27,172.16.70.23,Outbound,deny
208.91.112.55,443,208.91.112.55,172.16.101.1,2026-03-31 08:31:30,172.16.70.21,Outbound,deny
208.91.112.55,4118,208.91.112.55,172.16.101.1,2026-03-31 08:31:31,172.16.70.13,Outbound,deny
208.95.112.1,80,208.95.112.1,192.168.64.4,2026-03-31 08:46:59,192.168.63.30,Outbound,Denied
208.95.112.1,80,208.95.112.1,192.168.64.4,2026-03-31 09:12:14,192.168.63.125,Outbound,Denied
208.95.112.1,80,208.95.112.1,192.168.64.4,2026-03-31 09:17:59,192.168.63.161,Outbound,Denied
104.18.87.42,443,104.18.87.42,10.3.101.1,2026-03-31 09:21:22,10.3.101.144,Outbound,deny
208.95.112.1,80,208.95.112.1,10.3.101.1,2026-03-31 09:22:05,10.3.101.144,Outbound,deny
192.0.73.2,443,192.0.73.2,10.0.100.1,2026-03-31 09:25:34,192.168.57.99,Outbound,Denied
104.18.32.137,443,104.18.32.137,192.168.64.4,2026-03-31 09:26:54,192.168.63.125,Outbound,Denied
208.95.112.1,80,208.95.112.1,192.168.64.4,2026-03-31 09:32:08,192.168.63.25,Outbound,Denied
208.95.112.1,80,208.95.112.1,192.168.64.4,2026-03-31 09:32:45,192.168.63.230,Outbound,Denied
82.145.213.8,443,82.145.213.8,10.4.74.1,2026-03-31 09:35:53,10.4.111.78,Outbound,Denied
104.18.87.42,443,104.18.87.42,10.3.101.1,2026-03-31 09:36:36,10.3.101.137,Outbound,deny
208.95.112.1,80,208.95.112.1,192.168.64.4,2026-03-31 09:37:01,192.168.63.145,Outbound,Denied
208.95.112.1,80,208.95.112.1,10.4.74.1,2026-03-31 09:39:29,10.4.112.119,Outbound,Denied
208.95.112.1,80,208.95.112.1,192.168.64.4,2026-03-31 09:40:20,192.168.63.199,Outbound,Denied
208.95.112.1,80,208.95.112.1,10.4.74.1,2026-03-31 09:41:38,10.4.112.43,Outbound,Denied
192.0.73.2,443,192.0.73.2,10.0.100.1,2026-03-31 09:44:20,192.168.57.87,Outbound,Denied
208.95.112.1,80,208.95.112.1,192.168.64.4,2026-03-31 09:45:59,192.168.63.99,Outbound,Denied
104.18.87.42,443,104.18.87.42,10.40.42.1,2026-03-31 09:46:18,10.10.1.11,Outbound,deny
208.95.112.1,80,208.95.112.1,10.4.74.1,2026-03-31 09:46:35,10.4.113.250,Outbound,Denied
208.95.112.1,80,208.95.112.1,192.168.64.4,2026-03-31 09:47:24,192.168.63.126,Outbound,Denied
208.95.112.1,80,208.95.112.1,192.168.64.4,2026-03-31 09:48:07,192.168.63.220,Outbound,Denied
208.95.112.1,80,208.95.112.1,192.168.64.4,2026-03-31 09:51:31,192.168.63.163,Outbound,Denied
208.95.112.1,80,208.95.112.1,192.168.64.4,2026-03-31 09:52:32,192.168.63.74,Outbound,Denied
208.95.112.1,80,208.95.112.1,10.3.101.1,2026-03-31 09:52:55,10.3.101.211,Outbound,deny
208.95.112.1,80,208.95.112.1,10.4.74.1,2026-03-31 09:58:41,10.4.112.183,Outbound,Denied
208.95.112.1,80,208.95.112.1,192.168.64.4,2026-03-31 09:58:57,192.168.63.175,Outbound,Denied
208.95.112.1,80,208.95.112.1,192.168.64.4,2026-03-31 10:01:27,192.168.63.102,Outbound,Denied
82.145.213.8,443,82.145.213.8,10.3.101.1,2026-03-31 10:06:22,10.3.101.190,Outbound,deny
208.95.112.1,80,208.95.112.1,10.4.74.1,2026-03-31 10:06:48,10.4.100.52,Outbound,Denied
208.95.112.1,0,208.95.112.1,10.4.74.1,2026-03-31 10:07:08,192.168.103.6,Outbound,Denied
104.18.32.137,443,104.18.32.137,10.4.74.1,2026-03-31 10:10:05,10.4.111.55,Outbound,Denied
104.18.87.42,443,104.18.87.42,10.4.74.1,2026-03-31 10:10:05,10.4.111.55,Outbound,Denied
192.0.73.2,443,192.0.73.2,10.3.101.1,2026-03-31 10:23:00,10.3.230.135,Outbound,deny
216.150.1.1,443,216.150.1.1,10.3.101.1,2026-03-31 10:26:48,10.3.101.106,Outbound,deny
104.18.35.23,443,104.18.35.23,10.4.74.1,2026-03-31 10:28:09,10.4.100.129,Outbound,Denied
104.18.87.42,443,104.18.87.42,10.3.101.1,2026-03-31 10:28:33,10.3.101.215,Outbound,deny
208.95.112.1,80,208.95.112.1,10.4.74.1,2026-03-31 10:28:46,10.4.111.126,Outbound,Denied
174.137.133.49,443,174.137.133.49,10.3.101.1,2026-03-31 10:31:52,10.3.101.190,Outbound,deny
174.137.133.49,443,174.137.133.49,10.40.42.1,2026-03-31 10:35:14,10.10.1.40,Outbound,close
192.0.73.2,443,192.0.73.2,10.0.100.1,2026-03-31 10:37:57,192.168.57.5,Outbound,Denied
104.18.87.42,443,104.18.87.42,10.2.100.95,2026-03-31 10:39:26,10.2.100.159,Outbound,deny
174.137.133.49,443,174.137.133.49,10.4.74.1,2026-03-31 10:41:48,10.4.111.55,Outbound,Denied
174.137.133.49,443,174.137.133.49,10.3.101.1,2026-03-31 10:42:50,10.3.101.113,Outbound,deny
82.145.213.8,443,82.145.213.8,10.4.74.1,2026-03-31 10:47:20,10.4.111.55,Outbound,Denied
192.0.73.2,443,192.0.73.2,192.168.64.4,2026-03-31 10:47:48,192.168.63.175,Outbound,Denied
104.26.12.205,443,https://api.ipify.org,10.0.100.1,2026-03-31 10:48:13,192.168.57.161,Outbound,Denied
82.145.213.8,443,82.145.213.8,10.40.42.1,2026-03-31 10:53:29,10.10.1.36,Outbound,server-rst
174.137.133.49,443,174.137.133.49,10.4.74.1,2026-03-31 10:55:43,10.4.100.150,Outbound,Denied
192.0.73.2,443,192.0.73.2,10.4.74.1,2026-03-31 10:57:46,10.4.100.150,Outbound,Denied
192.0.73.2,443,192.0.73.2,192.168.64.4,2026-03-31 11:05:27,192.168.63.145,Outbound,Denied
104.18.87.42,443,104.18.87.42,10.3.101.1,2026-03-31 11:08:17,10.3.101.223,Outbound,deny
82.145.213.8,443,82.145.213.8,10.4.74.1,2026-03-31 11:10:30,10.4.100.90,Outbound,Denied
82.145.213.8,443,82.145.213.8,10.3.101.1,2026-03-31 11:10:56,10.3.101.137,Outbound,deny
174.137.133.49,443,174.137.133.49,10.4.74.1,2026-03-31 11:11:31,10.4.100.90,Outbound,Denied
174.137.133.49,443,174.137.133.49,192.168.64.4,2026-03-31 11:12:31,192.168.63.107,Outbound,Denied
82.145.213.8,443,82.145.213.8,10.4.74.1,2026-03-31 11:21:52,10.4.100.150,Outbound,Denied
104.18.87.42,443,104.18.87.42,10.3.101.1,2026-03-31 11:24:23,10.3.101.180,Outbound,deny
82.145.213.8,443,82.145.213.8,10.4.74.1,2026-03-31 11:28:42,10.4.111.53,Outbound,Denied
82.145.213.8,443,82.145.213.8,10.4.74.1,2026-03-31 11:29:31,10.4.112.194,Outbound,Denied
104.18.35.23,443,104.18.35.23,10.0.100.1,2026-03-31 11:32:13,172.16.28.135,Outbound,Denied
192.0.73.2,443,192.0.73.2,10.2.100.95,2026-03-31 11:34:58,10.2.31.2,Outbound,deny
82.145.213.8,443,82.145.213.8,10.4.74.1,2026-03-31 11:37:42,10.4.100.84,Outbound,Denied
208.95.112.1,80,208.95.112.1,10.4.74.1,2026-03-31 11:37:51,10.4.112.101,Outbound,Denied
192.0.73.2,443,192.0.73.2,10.0.100.1,2026-03-31 11:47:30,192.168.57.17,Outbound,Denied
192.0.73.2,443,192.0.73.2,192.168.64.4,2026-03-31 12:07:49,192.168.62.125,Outbound,Denied
174.137.133.49,443,174.137.133.49,10.4.74.1,2026-03-31 12:15:09,10.4.111.53,Outbound,Denied
104.18.87.42,443,104.18.87.42,10.40.42.1,2026-03-31 12:17:27,10.10.3.5,Outbound,deny
104.18.32.137,443,104.18.32.137,10.0.100.1,2026-03-31 12:27:02,192.168.57.128,Outbound,Denied
104.18.87.42,443,104.18.87.42,10.0.100.1,2026-03-31 12:27:06,192.168.57.128,Outbound,Denied
82.145.213.8,443,82.145.213.8,10.40.42.1,2026-03-31 12:31:03,10.10.1.40,Outbound,server-rst
208.95.112.1,80,208.95.112.1,10.40.42.1,2026-03-31 12:34:50,10.10.3.5,Outbound,deny
104.18.35.23,443,104.18.35.23,10.0.100.1,2026-03-31 12:37:13,172.16.28.232,Outbound,Denied
104.18.87.42,443,104.18.87.42,192.168.64.4,2026-03-31 12:37:53,192.168.63.199,Outbound,Denied
174.137.133.49,443,174.137.133.49,192.168.64.4,2026-03-31 12:38:07,192.168.63.199,Outbound,Denied
82.145.213.8,443,82.145.213.8,10.40.42.1,2026-03-31 12:39:39,10.10.2.16,Outbound,client-rst
174.137.133.49,443,174.137.133.49,10.40.42.1,2026-03-31 12:40:02,10.10.2.16,Outbound,client-rst
104.18.35.23,443,104.18.35.23,10.2.100.95,2026-03-31 12:42:34,10.2.105.173,Outbound,deny
104.18.87.42,443,104.18.87.42,10.0.100.1,2026-03-31 12:43:45,192.168.57.64,Outbound,Denied
104.18.32.137,443,104.18.32.137,10.0.100.1,2026-03-31 12:43:50,192.168.57.64,Outbound,Denied
104.18.87.42,443,104.18.87.42,192.168.64.4,2026-03-31 12:47:41,192.168.63.125,Outbound,Denied
104.18.87.42,443,104.18.87.42,10.3.101.1,2026-03-31 12:49:52,10.3.101.160,Outbound,deny
208.91.112.55,53,208.91.112.55,10.40.42.1,2026-03-31 12:52:00,10.40.40.2,Outbound,deny
82.145.213.8,443,82.145.213.8,10.2.100.95,2026-03-31 12:55:30,10.2.100.134,Outbound,deny
174.137.133.49,443,174.137.133.49,10.2.100.95,2026-03-31 12:56:14,10.2.100.134,Outbound,deny
104.18.32.137,443,104.18.32.137,10.4.74.1,2026-03-31 12:56:34,10.4.100.50,Outbound,Denied
174.137.133.49,443,174.137.133.49,10.40.42.1,2026-03-31 12:58:27,10.10.1.36,Outbound,client-rst
104.18.87.42,443,104.18.87.42,10.4.74.1,2026-03-31 12:58:40,10.4.100.50,Outbound,Denied
82.145.213.8,443,82.145.213.8,192.168.64.4,2026-03-31 09:51:40,192.168.63.161,Outbound,Allowed
174.137.133.49,443,174.137.133.49,10.40.42.1,2026-03-31 10:34:20,10.10.1.40,Outbound,pass
82.145.213.8,443,82.145.213.8,10.40.42.1,2026-03-31 10:52:39,10.10.1.36,Outbound,pass
82.145.213.8,443,82.145.213.8,192.168.64.4,2026-03-31 11:51:22,192.168.63.220,Outbound,Allowed
82.145.213.8,443,82.145.213.8,192.168.64.4,2026-03-31 12:27:57,192.168.63.125,Outbound,Allowed
82.145.213.8,443,82.145.213.8,10.40.42.1,2026-03-31 12:29:44,10.10.1.40,Outbound,pass
82.145.213.8,443,82.145.213.8,192.168.64.4,2026-03-31 12:38:19,192.168.63.199,Outbound,Allowed
82.145.213.8,443,82.145.213.8,10.40.42.1,2026-03-31 12:38:24,10.10.2.16,Outbound,pass
174.137.133.49,443,174.137.133.49,10.40.42.1,2026-03-31 12:40:00,10.10.2.16,Outbound,pass
174.137.133.49,443,174.137.133.49,10.40.42.1,2026-03-31 12:58:21,10.10.1.36,Outbound,pass
82.145.213.8,443,82.145.213.8,10.40.42.1,2026-03-31 13:01:00,10.10.1.40,Outbound,pass
82.145.213.8,443,82.145.213.8,10.3.101.1,2026-03-31 13:05:00,10.3.101.178,Outbound,pass
174.137.133.49,443,174.137.133.49,10.3.101.1,2026-03-31 13:07:00,10.3.101.178,Outbound,accept
82.145.213.8,443,82.145.213.8,10.40.42.1,2026-03-31 14:07:00,10.10.3.35,Outbound,pass
82.145.213.8,443,82.145.213.8,192.168.64.4,2026-03-31 15:44:00,192.168.63.220,Outbound,Allowed
216.198.79.195,443,216.198.79.195,10.4.74.1,2026-03-31 16:26:00,10.81.234.194,Outbound,Allowed
172.67.139.137,443,iili.io,10.0.100.1,2026-03-31 16:57:00,192.168.57.11,Outbound,Allowed
174.137.133.49,443,174.137.133.49,10.40.42.1,2026-03-31 17:17:00,10.10.1.36,Outbound,pass
82.145.213.8,443,82.145.213.8,10.40.42.1,2026-03-31 17:22:00,10.10.1.36,Outbound,pass
82.145.213.8,443,82.145.213.8,10.40.42.1,2026-03-31 13:02:00,10.10.1.40,Outbound,server-rst
82.145.213.8,443,82.145.213.8,10.3.101.1,2026-03-31 13:05:00,10.3.101.178,Outbound,client-rst
174.137.133.49,443,174.137.133.49,10.3.101.1,2026-03-31 13:07:00,10.3.101.178,Outbound,client-rst
82.145.213.8,443,82.145.213.8,10.4.74.1,2026-03-31 13:10:00,10.4.111.78,Outbound,Denied
174.137.133.49,443,174.137.133.49,10.3.101.1,2026-03-31 13:11:00,10.3.101.209,Outbound,deny
174.137.133.49,443,174.137.133.49,10.3.101.1,2026-03-31 13:20:00,10.3.101.160,Outbound,deny
192.0.73.2,443,192.0.73.2,10.0.100.1,2026-03-31 13:21:00,172.16.28.239,Outbound,Denied
82.145.213.8,443,82.145.213.8,10.2.100.95,2026-03-31 13:22:00,10.2.100.61,Outbound,deny
104.18.87.42,443,104.18.87.42,10.3.101.1,2026-03-31 13:29:00,10.3.101.198,Outbound,deny
208.95.112.1,80,208.95.112.1,10.40.42.1,2026-03-31 13:56:00,10.10.2.30,Outbound,deny
104.18.87.42,443,104.18.87.42,10.3.101.1,2026-03-31 13:57:00,10.3.101.142,Outbound,deny
104.18.32.137,443,104.18.32.137,10.3.101.1,2026-03-31 14:09:00,10.3.101.142,Outbound,deny
104.18.35.23,443,104.18.35.23,10.2.100.95,2026-03-31 14:17:00,10.2.105.132,Outbound,deny
82.145.213.8,443,82.145.213.8,10.4.74.1,2026-03-31 14:18:00,10.4.100.144,Outbound,Denied
104.18.87.42,443,104.18.87.42,10.40.42.1,2026-03-31 14:19:00,10.10.1.27,Outbound,deny
104.18.32.137,443,104.18.32.137,10.2.100.95,2026-03-31 14:37:00,10.2.100.175,Outbound,deny
104.18.35.23,443,104.18.35.23,10.0.100.1,2026-03-31 14:38:00,172.16.28.232,Outbound,Denied
104.18.87.42,443,104.18.87.42,10.0.100.1,2026-03-31 14:39:00,172.16.28.153,Outbound,Denied
174.137.133.49,443,174.137.133.49,10.4.74.1,2026-03-31 14:39:00,10.4.100.144,Outbound,Denied
104.18.32.137,443,104.18.32.137,10.0.100.1,2026-03-31 14:39:00,172.16.28.153,Outbound,Denied
192.0.73.2,443,192.0.73.2,192.168.64.4,2026-03-31 14:47:00,192.168.63.175,Outbound,Denied
208.91.112.55,53,208.91.112.55,10.40.42.1,2026-03-31 14:49:00,10.40.40.2,Outbound,deny
104.18.87.42,443,104.18.87.42,10.0.100.1,2026-03-31 14:57:00,192.168.57.64,Outbound,Denied
104.18.32.137,443,104.18.32.137,10.0.100.1,2026-03-31 14:57:00,192.168.57.64,Outbound,Denied
174.137.133.49,443,174.137.133.49,10.3.101.1,2026-03-31 14:57:00,10.3.101.165,Outbound,deny
104.26.13.205,443,https://api.ipify.org,10.0.100.1,2026-03-31 15:14:00,192.168.57.174,Outbound,Denied
104.18.87.42,443,104.18.87.42,10.3.101.1,2026-03-31 15:27:00,10.3.101.104,Outbound,deny
82.145.213.8,443,82.145.213.8,10.0.100.1,2026-03-31 15:31:00,192.168.57.22,Outbound,Denied
174.137.133.49,443,174.137.133.49,192.168.64.4,2026-03-31 15:38:00,192.168.63.220,Outbound,Denied
174.137.133.49,443,174.137.133.49,10.3.101.1,2026-03-31 15:42:00,10.3.101.190,Outbound,deny
104.18.32.137,443,104.18.32.137,192.168.64.4,2026-03-31 15:42:00,192.168.63.220,Outbound,Denied
208.95.112.1,80,208.95.112.1,10.4.74.1,2026-03-31 15:45:00,10.4.100.88,Outbound,Denied
104.18.87.42,443,104.18.87.42,10.3.101.1,2026-03-31 15:45:00,10.3.101.194,Outbound,deny
104.26.12.205,443,https://api.ipify.org,10.0.100.1,2026-03-31 15:48:00,192.168.57.112,Outbound,Denied
174.137.133.49,443,174.137.133.49,10.3.101.1,2026-03-31 15:56:00,10.3.101.176,Outbound,deny
104.18.87.42,443,104.18.87.42,10.3.101.1,2026-03-31 16:00:00,10.3.101.135,Outbound,deny
5.79.75.210,443,5.79.75.210,10.0.100.1,2026-03-31 16:07:00,192.168.57.55,Outbound,Denied
174.137.133.49,443,174.137.133.49,10.4.74.1,2026-03-31 16:11:00,10.4.100.190,Outbound,Denied
192.0.73.2,443,192.0.73.2,10.3.101.1,2026-03-31 16:14:00,10.3.230.135,Outbound,deny
104.18.32.137,443,104.18.32.137,10.0.100.1,2026-03-31 16:14:00,192.168.57.87,Outbound,Denied
192.0.73.2,443,192.0.73.2,192.168.64.4,2026-03-31 16:18:00,192.168.63.200,Outbound,Denied
174.137.133.49,443,174.137.133.49,X33021M4TVT6KE4,2026-03-31 16:28:00,10.6.96.165,Outbound,Drop
104.18.32.137,443,104.18.32.137,10.4.74.1,2026-03-31 16:29:00,10.4.100.50,Outbound,Denied
82.145.213.8,443,82.145.213.8,X33021M4TVT6KE4,2026-03-31 16:30:00,10.6.96.165,Outbound,Drop
192.0.73.2,443,192.0.73.2,10.4.74.1,2026-03-31 16:35:00,10.4.112.111,Outbound,Denied
174.137.133.49,443,174.137.133.49,10.4.74.1,2026-03-31 16:36:00,10.4.111.78,Outbound,Denied
192.0.73.2,443,192.0.73.2,192.168.64.4,2026-03-31 16:48:00,192.168.62.125,Outbound,Denied
208.95.112.1,80,208.95.112.1,10.4.74.1,2026-03-31 16:50:00,10.4.100.193,Outbound,Denied
216.150.1.1,443,216.150.1.1,10.0.100.1,2026-03-31 16:51:00,192.168.57.62,Outbound,Denied
208.95.112.1,0,208.95.112.1,10.4.74.1,2026-03-31 16:51:00,192.168.103.6,Outbound,Denied
208.95.112.1,80,208.95.112.1,192.168.64.4,2026-03-31 16:54:00,192.168.63.181,Outbound,Denied
82.145.213.8,443,82.145.213.8,10.4.74.1,2026-03-31 17:02:00,10.4.100.84,Outbound,Denied
82.145.213.8,443,82.145.213.8,10.3.101.1,2026-03-31 17:07:00,10.3.101.165,Outbound,deny
174.137.133.49,443,174.137.133.49,10.4.74.1,2026-03-31 17:12:00,10.4.113.82,Outbound,Denied
82.145.213.8,443,82.145.213.8,10.4.74.1,2026-03-31 17:12:00,10.4.113.82,Outbound,Denied
104.18.35.23,443,104.18.35.23,10.4.74.1,2026-03-31 17:13:00,10.4.100.129,Outbound,Denied
104.26.12.205,443,https://api.ipify.org,10.0.100.1,2026-03-31 17:14:00,192.168.57.22,Outbound,Denied
174.137.133.49,443,174.137.133.49,10.40.42.1,2026-03-31 17:18:00,10.10.1.36,Outbound,client-rst
174.137.133.49,443,174.137.133.49,10.4.74.1,2026-03-31 17:20:00,10.4.111.53,Outbound,Denied
82.145.213.8,443,82.145.213.8,10.40.42.1,2026-03-31 17:23:00,10.10.1.36,Outbound,server-rst
192.0.73.2,443,192.0.73.2,10.0.100.1,2026-03-31 17:24:00,192.168.57.39,Outbound,Denied
104.18.87.42,443,104.18.87.42,10.3.101.1,2026-03-31 17:24:00,10.3.101.154,Outbound,deny
82.145.213.8,443,82.145.213.8,10.4.74.1,2026-03-31 17:28:00,10.4.111.53,Outbound,Denied
208.95.112.1,80,208.95.112.1,10.4.74.1,2026-03-31 17:31:00,10.4.111.26,Outbound,Denied
104.18.87.42,443,104.18.87.42,10.4.74.1,2026-03-31 17:32:00,10.4.113.240,Outbound,Denied
82.145.213.8,443,82.145.213.8,10.2.100.95,2026-03-31 17:34:00,10.2.100.159,Outbound,deny
104.18.32.137,443,104.18.32.137,10.4.74.1,2026-03-31 17:34:00,10.4.113.240,Outbound,Denied
208.95.112.1,80,208.95.112.1,192.168.64.4,2026-03-31 17:38:00,192.168.63.169,Outbound,Denied
208.95.112.1,80,208.95.112.1,10.4.74.1,2026-03-31 17:38:00,10.4.111.53,Outbound,Denied
104.18.87.42,443,104.18.87.42,10.2.100.95,2026-03-31 17:40:00,10.2.100.159,Outbound,deny
141.193.213.10,443,141.193.213.10,10.3.101.1,2026-03-31 17:45:00,10.3.101.194,Outbound,deny
208.95.112.1,80,208.95.112.1,192.168.64.4,2026-03-31 17:46:00,192.168.63.111,Outbound,Denied
172.67.74.152,443,https://api.ipify.org,10.0.100.1,2026-03-31 17:47:00,192.168.57.46,Outbound,Denied
192.0.73.2,443,192.0.73.2,192.168.64.4,2026-03-31 17:48:00,192.168.63.111,Outbound,Denied
208.95.112.1,80,208.95.112.1,192.168.64.4,2026-03-31 17:48:00,192.168.63.230,Outbound,Denied
104.18.87.42,443,104.18.87.42,10.3.101.1,2026-03-31 17:48:00,10.3.101.111,Outbound,deny
208.95.112.1,80,208.95.112.1,10.4.74.1,2026-03-31 17:49:00,10.4.112.42,Outbound,Denied
104.18.32.137,443,104.18.32.137,10.3.101.1,2026-03-31 17:50:00,10.3.101.154,Outbound,deny
104.26.13.205,443,https://api.ipify.org,10.0.100.1,2026-03-31 17:56:00,192.168.57.46,Outbound,Denied
104.18.35.23,443,104.18.35.23,10.4.74.1,2026-03-31 17:58:00,10.4.100.200,Outbound,Denied
192.0.73.2,443,192.0.73.2,192.168.64.4,2026-03-31 17:59:00,192.168.63.199,Outbound,Denied
208.95.112.1,80,208.95.112.1,192.168.64.4,2026-03-31 17:59:00,192.168.63.74,Outbound,Denied
